"Date";"Nom du vin";"Millésime";"Achat";"Consommation";"Prix unitaire";"Prix de vente";"Devise";"Occasion";"Fournisseur";"Commentaires";"IdContact";"IdVin"
"10/10/2024";Albert Besombes Bourgueil L'Attire-Bouchon;2023;1;0;0;;"€";"";"";"";"";"559588af-510a-41b8-b432-cb034b5b45bd"
"12/10/2024";Albert Besombes Bourgueil L'Attire-Bouchon;2023;0;1;;0;"€";"";"";"";"";"559588af-510a-41b8-b432-cb034b5b45bd"
"26/10/2023";Ambroisie;2022;1;0;0;;"€";"";"";"";"";"b7c9f336-39ea-439f-b594-b7c8b454fc22"
"11/04/2024";Ambroisie;2022;0;1;;0;"€";"";"";"";"";"b7c9f336-39ea-439f-b594-b7c8b454fc22"
"11/04/2020";Ambroisie Muscat Sčvre et Maine;2016;1;0;0;;"€";"";"";"";"";"b9352737"
"07/11/2021";Ambroisie Muscat Sčvre et Maine;2016;0;1;;0;"€";"";"";"";"";"b9352737"
"02/05/2025";Amédée Les Pierres Plates;2024;1;0;0;;"€";"";"";"";"";"329bff71-94b9-4682-a473-da6c507d4f20"
"19/09/2025";Amédée Les Pierres Plates;2024;0;1;;0;"€";"";"";"";"";"329bff71-94b9-4682-a473-da6c507d4f20"
"07/11/2021";Amédée Luberon Ŕ l'Ombre des Platanes;2019;1;0;0;;"€";"";"";"";"";"ed6e4d22-a974-491f-adc9-083142e876d2"
"05/03/2022";Amédée Luberon Ŕ l'Ombre des Platanes;2019;0;1;;0;"€";"";"";"";"";"ed6e4d22-a974-491f-adc9-083142e876d2"
"26/08/2023";Antoine Barrier Coteaux Bourguignons;2021;1;0;7;;"€";"";"Leclerc express ";"";"cccdf91c-7354-43b5-b1a1-d28775b2f954";"770670a5-e646-46f7-82dc-e5c84531ce6c"
"30/09/2023";Antoine Barrier Coteaux Bourguignons;2021;0;1;;0;"€";"";"";"";"";"770670a5-e646-46f7-82dc-e5c84531ce6c"
"12/12/2022";Apremont;2021;1;0;0;;"€";"";"Leclerc express ";"vin raclette tennis";"cccdf91c-7354-43b5-b1a1-d28775b2f954";"54196c37-6b72-4def-974d-bae585184afc"
"16/12/2023";Apremont;2021;0;1;;0;"€";"";"";"raclette tennis";"";"54196c37-6b72-4def-974d-bae585184afc"
"23/12/2023";Apremont;2021;1;0;0;;"€";"";"";"";"";"54196c37-6b72-4def-974d-bae585184afc"
"20/12/2024";Apremont;2021;0;1;;0;"€";"";"";"";"";"54196c37-6b72-4def-974d-bae585184afc"
"01/02/2022";Apremont Cellier De La Combe;2020;1;0;0;;"€";"";"";"";"";"a555148b-7f24-40e0-a780-4c12b510df36"
"05/03/2022";Apremont Cellier De La Combe;2020;0;1;;0;"€";"";"";"";"";"a555148b-7f24-40e0-a780-4c12b510df36"
"01/03/2024";Apremont Cellier Mont Charvaz;2023;1;0;7,6;;"€";"";"Auchan";"";"afcfdea6-b2e5-4c51-b6bd-c0a1da0ced83";"fd2052b6-2395-4174-b793-d0b3e82bb658"
"11/04/2024";Apremont Cellier Mont Charvaz;2023;0;1;;0;"€";"";"";"";"";"fd2052b6-2395-4174-b793-d0b3e82bb658"
"01/08/2023";B&G Réserve Pinot Noir;2022;1;0;9,5;;"€";"";"Vinatis";"";"743dd6d5-65ea-496c-938a-4f3e15aaa423";"5b20e133-66f0-47ad-884a-a379871b2d7b"
"25/10/2024";B&G Réserve Pinot Noir;2022;0;1;;0;"€";"";"";"";"";"5b20e133-66f0-47ad-884a-a379871b2d7b"
"14/05/2022";Baratonne;2020;1;0;4;;"€";"";"Auchan";"";"afcfdea6-b2e5-4c51-b6bd-c0a1da0ced83";"436416c8-02c1-4208-a622-08ad990a26fd"
"07/08/2022";Baratonne;2020;0;1;;0;"€";"";"";"";"";"436416c8-02c1-4208-a622-08ad990a26fd"
"01/02/2022";Baron De Salle;2018;1;0;0;;"€";"";"";"";"";"1495b395-4286-42f9-b9ba-a04ecf2057a0"
"23/04/2022";Baron De Salle;2018;0;1;;0;"€";"";"";"";"";"1495b395-4286-42f9-b9ba-a04ecf2057a0"
"01/08/2023";Baron Philippe de Rothschild Sélection Agneau Rosé;2021;1;0;7;;"€";"";"Vinatis";"";"743dd6d5-65ea-496c-938a-4f3e15aaa423";"7b2a45ce-c0ce-408b-8681-1d6a456591ed"
"22/10/2023";Baron Philippe de Rothschild Sélection Agneau Rosé;2021;0;1;;0;"€";"";"";"";"";"7b2a45ce-c0ce-408b-8681-1d6a456591ed"
"27/06/2020";Bastide Saint Jean;;1;0;0;;"€";"";"";"";"";"c0384224-3cf8-4898-8c7e-c26ac8d517f8"
"10/07/2020";Bastide Saint Jean;;0;1;;0;"€";"";"";"";"";"c0384224-3cf8-4898-8c7e-c26ac8d517f8"
"25/12/2025";Beni di Batasiolo Barbaresco;2021;1;0;0;;"€";"";"Papa";"";"429034cd-b3a3-40b8-92bb-85e9c959fa98";"6d45348b-1a11-430a-81d0-7a8a4d7122ea"
"25/12/2025";Beni di Batasiolo Barolo;2021;1;0;0;;"€";"";"Papa";"";"429034cd-b3a3-40b8-92bb-85e9c959fa98";"7a69db2f-08d3-46f0-8193-0b79023e8071"
"23/12/2021";Bergerac Mautain;2018;1;0;0;;"€";"";"";"";"";"e934a2f4-caee-4d5f-88c2-c698816538f9"
"29/12/2021";Bergerac Mautain;2018;0;1;;0;"€";"";"";"";"";"e934a2f4-caee-4d5f-88c2-c698816538f9"
"11/04/2020";Berticot Secret de Berticot Rouge;;1;0;0;;"€";"";"";"";"";"8cfbeeaa"
"06/06/2020";Berticot Secret de Berticot Rouge;;0;1;;0;"€";"";"";"";"";"8cfbeeaa"
"01/11/2024";Bestheim Alsace Crémant d'Alsace Brut Rosé;;1;0;0;;"€";"";"Auchan";"";"afcfdea6-b2e5-4c51-b6bd-c0a1da0ced83";"6144dc0b-0c62-472a-a03b-d5f9b94f7d6e"
"22/12/2024";Bestheim Alsace Crémant d'Alsace Brut Rosé;;0;1;;0;"€";"";"";"";"";"6144dc0b-0c62-472a-a03b-d5f9b94f7d6e"
"23/12/2024";Bestheim Alsace Crémant d'Alsace Extra Brut;;1;0;0;;"€";"";"";"";"";"9f8d33cc-2744-4f68-8850-4caed5a4cac0"
"26/04/2025";Bestheim Alsace Crémant d'Alsace Extra Brut;;0;1;;0;"€";"";"";"";"";"9f8d33cc-2744-4f68-8850-4caed5a4cac0"
"23/03/2024";Blason de Bourgogne Bourgogne Hautes Côtes de Nuits;2021;1;0;8;;"€";"";"Leclerc express ";"";"cccdf91c-7354-43b5-b1a1-d28775b2f954";"d4a22a5e-d46b-460c-b48b-688d61bbe4f5"
"16/11/2024";Blason de Bourgogne Bourgogne Hautes Côtes de Nuits;2021;0;1;;0;"€";"";"";"";"";"d4a22a5e-d46b-460c-b48b-688d61bbe4f5"
"03/10/2022";Blaye Chateau Jussas;2020;1;0;0;;"€";"";"Grand Frais";"";"40eb2bf6-c0c1-41d1-862b-62d4ff0dcf5f";"907b57c1-5726-477f-9c8d-5239181a843a"
"09/07/2023";Blaye Chateau Jussas;2020;0;1;;0;"€";"";"";"";"";"907b57c1-5726-477f-9c8d-5239181a843a"
"11/04/2020";Bonserine Les Hauts de Cheys Côtes-du-Rhône;2016;1;0;0;;"€";"";"";"";"";"f5849f91"
"26/04/2020";Bonserine Les Hauts de Cheys Côtes-du-Rhône;2016;0;1;;0;"€";"";"";"";"";"f5849f91"
"11/04/2020";Borie Manoux Blanche Couronne Sauternes;1995;1;0;0;;"€";"";"";"";"";"b814d875"
"11/04/2020";Boulaouane Rouge de Maroc;;1;0;0;;"€";"";"";"";"";"fcba73d1"
"07/11/2021";Boulaouane Rouge de Maroc;;1;0;0;;"€";"";"";"";"";"fcba73d1"
"07/11/2021";Boulaouane Rouge de Maroc;;0;1;;0;"€";"";"";"";"";"fcba73d1"
"26/03/2022";Bourgueil L'attire Bouchon;2019;1;0;0;;"€";"";"";"";"";"e2cd8436-363b-42d3-b27f-e75601eff713"
"27/09/2023";Bourgueil L'attire Bouchon;2019;0;1;;0;"€";"";"";"";"";"e2cd8436-363b-42d3-b27f-e75601eff713"
"16/10/2022";Broussey;2018;1;0;0;;"€";"";"";"";"";"00bbe2b7-9e0f-4701-a891-bee754fae6c5"
"24/12/2022";Broussey;2018;0;1;;0;"€";"";"";"";"";"00bbe2b7-9e0f-4701-a891-bee754fae6c5"
"07/11/2021";Cabernet Sauvignon;;1;0;0;;"€";"";"";"";"";"fa947296-9009-4699-abc5-f59e62435618"
"16/10/2022";Cabernet Sauvignon;;0;1;;0;"€";"";"";"";"";"fa947296-9009-4699-abc5-f59e62435618"
"25/07/2023";Cabernet Sauvignon ;;1;0;0;;"€";"";"Grand Frais";"";"40eb2bf6-c0c1-41d1-862b-62d4ff0dcf5f";"b92b60f3-7999-4eda-969c-feea271dc8cc"
"16/09/2023";Cabernet Sauvignon ;;0;1;;0;"€";"";"";"";"";"b92b60f3-7999-4eda-969c-feea271dc8cc"
"23/12/2021";Cabernet Sauvignon Espagne;;1;0;0;;"€";"";"Grand Frais";"";"40eb2bf6-c0c1-41d1-862b-62d4ff0dcf5f";"8951898e-bc8c-4923-b120-f124f6537a2f"
"21/01/2022";Cabernet Sauvignon Espagne;;0;1;;0;"€";"";"";"";"";"8951898e-bc8c-4923-b120-f124f6537a2f"
"25/06/2022";Cabernet Sauvignon Espagne;;1;0;0;;"€";"";"Grand Frais";"";"40eb2bf6-c0c1-41d1-862b-62d4ff0dcf5f";"27253578-0751-462e-8354-ec3695c0e63b"
"07/08/2022";Cabernet Sauvignon Espagne;;0;1;;0;"€";"";"";"";"";"27253578-0751-462e-8354-ec3695c0e63b"
"03/10/2022";Cahors Les Tonnelles de Fontaurais;2020;1;0;0;;"€";"";"Grand Frais";"";"40eb2bf6-c0c1-41d1-862b-62d4ff0dcf5f";"3cf9db53-8559-4528-9192-dc65a0bfff23"
"26/03/2022";Cahors Pierre Espirac;2019;1;0;0;;"€";"";"";"";"";"e5f44803-b83c-4cbd-8e90-b72dd0648aa7"
"30/09/2023";Cahors Pierre Espirac;2019;0;1;;0;"€";"";"";"";"";"e5f44803-b83c-4cbd-8e90-b72dd0648aa7"
"17/06/2023";Capelaniers;2022;1;0;17;;"€";"";"Paul Matus";"";"2af36b43-756e-44df-8719-8a2510228fe2";"ae5da4b4-8340-4d40-a7c9-f2228378eb2d"
"20/06/2023";Capelaniers;2022;0;1;;0;"€";"";"";"";"";"ae5da4b4-8340-4d40-a7c9-f2228378eb2d"
"06/06/2020";Cato Negro;;1;0;0;;"€";"";"";"";"";"9263d2ca-082f-485f-ac3b-1991f24851dd"
"07/11/2021";Cato Negro;;0;1;;0;"€";"";"";"";"";"9263d2ca-082f-485f-ac3b-1991f24851dd"
"15/06/2025";Cave de Cleebourg Alsace Sylvaner Sigillé Confrérie Saint-Etienne;2022;1;0;12;;"€";"";"Confrérie saint etienne";"";"dfabee36-815a-47e9-bbf9-0d4275248202";"81ba1f21-2613-4782-b747-922b10c3e5f9"
"25/08/2025";Cave de Cleebourg Alsace Sylvaner Sigillé Confrérie Saint-Etienne;2022;0;1;;0;"€";"";"";"";"";"81ba1f21-2613-4782-b747-922b10c3e5f9"
"07/11/2021";Cave Saint-Désirat Viognier;2020;1;0;0;;"€";"";"";"";"";"247a64d9-ebcd-4770-926c-6b4458518f40"
"17/11/2021";Cave Saint-Désirat Viognier;2020;0;1;;0;"€";"";"";"";"";"247a64d9-ebcd-4770-926c-6b4458518f40"
"30/10/2022";Cave Vinicole de Cleebourg Alsace Muscat;2019;1;0;0;;"€";"";"";"";"";"23da89d3-8bde-4d38-9d2e-64ea86480b37"
"18/11/2022";Cave Vinicole de Cleebourg Alsace Muscat;2019;0;1;;0;"€";"";"";"";"";"23da89d3-8bde-4d38-9d2e-64ea86480b37"
"07/11/2021";Cave Vinicole de Cleebourg Alsace Pinot Gris;2018;3;0;0;;"€";"";"";"";"";"650c4a78-e7a2-43ee-adda-8846b32253e7"
"21/12/2021";Cave Vinicole de Cleebourg Alsace Pinot Gris;2018;0;1;;0;"€";"";"";"cadeau virgile noel 2021";"";"650c4a78-e7a2-43ee-adda-8846b32253e7"
"23/04/2022";Cave Vinicole de Cleebourg Alsace Pinot Gris;2018;0;1;;0;"€";"";"";"";"";"650c4a78-e7a2-43ee-adda-8846b32253e7"
"30/10/2022";Cave Vinicole de Cleebourg Alsace Pinot Gris;2018;0;1;;0;"€";"";"";"";"";"650c4a78-e7a2-43ee-adda-8846b32253e7"
"07/11/2021";Cave Vinicole de Cleebourg Alsace Pinot Gris Karchweg;2018;3;0;0;;"€";"";"";"";"";"ebb10e20-fddc-4e92-a9b5-8d91ab24c4c3"
"25/12/2021";Cave Vinicole de Cleebourg Alsace Pinot Gris Karchweg;2018;0;1;;0;"€";"";"";"";"";"ebb10e20-fddc-4e92-a9b5-8d91ab24c4c3"
"21/01/2022";Cave Vinicole de Cleebourg Alsace Pinot Gris Karchweg;2018;0;1;;0;"€";"";"";"";"";"ebb10e20-fddc-4e92-a9b5-8d91ab24c4c3"
"29/05/2022";Cave Vinicole de Cleebourg Alsace Pinot Gris Karchweg;2018;0;1;;0;"€";"";"";"";"";"ebb10e20-fddc-4e92-a9b5-8d91ab24c4c3"
"07/11/2021";Cave Vinicole de Cleebourg Alsace Pinot Noir Passion;2018;1;0;0;;"€";"";"";"";"";"a79b2b94-4c5e-4f78-802e-c91690bae052"
"21/12/2021";Cave Vinicole de Cleebourg Alsace Pinot Noir Passion;2018;0;1;;0;"€";"";"";"cadeau virgile noel 2021";"";"a79b2b94-4c5e-4f78-802e-c91690bae052"
"11/06/2022";Cave Vinicole de Cleebourg Cave Historique Hospices de Strasbourg Alsace Pinot Gris;2020;1;0;0;;"€";"";"Hospices Strasbourg ";"";"be8334db-f570-41c4-8c9b-58eee3452d20";"b3dbc13b-498d-4f5a-b7fb-63593fed2dea"
"27/08/2023";Cave Vinicole de Cleebourg Cave Historique Hospices de Strasbourg Alsace Pinot Gris;2020;0;1;;0;"€";"";"";"";"";"b3dbc13b-498d-4f5a-b7fb-63593fed2dea"
"23/12/2024";Cave Vinicole de Hunawihr Alsace Pinot Gris 7 Talents;2023;1;0;8;;"€";"";"Auchan";"";"afcfdea6-b2e5-4c51-b6bd-c0a1da0ced83";"5c2ab246-14c0-4c29-86cf-41e74973af38"
"05/09/2025";Cave Vinicole de Hunawihr Alsace Pinot Gris 7 Talents;2023;0;1;;0;"€";"";"";"";"";"5c2ab246-14c0-4c29-86cf-41e74973af38"
"25/11/2022";Caze Blanque;2021;1;0;0;;"€";"";"Grand Frais";"";"40eb2bf6-c0c1-41d1-862b-62d4ff0dcf5f";"895a8383-f05f-4c51-9525-2070dbe66fd1"
"02/04/2023";Caze Blanque;2021;0;1;;0;"€";"";"";"";"";"895a8383-f05f-4c51-9525-2070dbe66fd1"
"01/08/2023";Cent Pour Cent Chardonnay;2021;1;0;7;;"€";"";"Vinatis";"";"743dd6d5-65ea-496c-938a-4f3e15aaa423";"a9120879-3ced-448d-81f4-6baa580d0c77"
"11/04/2024";Cent Pour Cent Chardonnay;2021;0;1;;0;"€";"";"";"";"";"a9120879-3ced-448d-81f4-6baa580d0c77"
"04/04/2021";Champagne Charles Ellner Rosé Brut;;1;0;0;;"€";"";"";"";"";"9aa9ac8c-e3bd-4d86-9178-263b2520abe2"
"04/04/2021";Champagne Charles Ellner Rosé Brut;;0;1;;0;"€";"";"";"";"";"9aa9ac8c-e3bd-4d86-9178-263b2520abe2"
"07/11/2021";Champagne Charles Lafitte Brut Orgueil de France;;1;0;0;;"€";"";"";"";"";"3d094b72-1657-44fb-ab3f-b4712e961407"
"23/04/2022";Champagne Charles Lafitte Brut Orgueil de France;;0;1;;0;"€";"";"";"";"";"3d094b72-1657-44fb-ab3f-b4712e961407"
"06/07/2023";Champagne Couillet Petit;;1;0;0;;"€";"";"Claudine";"";"9bfd2d0c-490e-4157-bc54-1b670433ee99";"68e9e7d0-3325-4ca6-beb6-a9f9ea1999bf"
"01/01/2024";Champagne Couillet Petit;;0;1;;0;"€";"";"";"";"";"68e9e7d0-3325-4ca6-beb6-a9f9ea1999bf"
"25/07/2023";Champagne Feuillate;;1;0;0;;"€";"";"";"";"";"4c834719-1aec-465a-942a-ccef96baa0d1"
"15/06/2025";Champagne Feuillate;;0;1;;0;"€";"";"";"";"";"4c834719-1aec-465a-942a-ccef96baa0d1"
"21/12/2023";Champagne G.H. Mumm Brut Cordon Rouge;;1;0;20;;"€";"";"Cactus";"";"8b3890b2-bd57-444c-90da-81867a8f1385";"1c58bed4-e36b-4126-b587-8faeb4477f01"
"01/11/2024";Champagne G.H. Mumm Brut Cordon Rouge;;0;1;;0;"€";"";"";"";"";"1c58bed4-e36b-4126-b587-8faeb4477f01"
"16/05/2020";Champagne Jacquart Brut Mosaďque;;1;0;0;;"€";"";"";"";"";"4152d11b-a941-4934-af6d-de34d49b5c3e"
"07/11/2021";Champagne Jacquart Brut Mosaďque;;0;1;;0;"€";"";"";"";"";"4152d11b-a941-4934-af6d-de34d49b5c3e"
"07/11/2021";Champagne Nicolas Feuillatte Brut Grande Réserve;;1;0;0;;"€";"";"";"";"";"47bcbdbe-1fbe-49f9-a2c8-1de663bf63c6"
"28/08/2022";Champagne Nicolas Feuillatte Brut Grande Réserve;;0;1;;0;"€";"";"";"";"";"47bcbdbe-1fbe-49f9-a2c8-1de663bf63c6"
"01/11/2024";Champagne Tsarine Brut Millésimé;2018;1;0;0;;"€";"";"";"";"";"9e234b55-f986-49e1-b28c-4674bb6589c9"
"26/04/2025";Champagne Tsarine Brut Millésimé;2018;0;1;;0;"€";"";"";"";"";"9e234b55-f986-49e1-b28c-4674bb6589c9"
"16/05/2020";Champagne Tsarine Cuvée Premium Brut;;1;0;0;;"€";"";"";"";"";"64c22108-4244-4a8b-a87e-f4c817965e23"
"07/11/2021";Champagne Tsarine Cuvée Premium Brut;;0;1;;0;"€";"";"";"";"";"64c22108-4244-4a8b-a87e-f4c817965e23"
"26/04/2025";Champagne Tsarine Cuvée Premium Brut;;1;0;0;;"€";"";"Grand Frais";"";"40eb2bf6-c0c1-41d1-862b-62d4ff0dcf5f";"64c22108-4244-4a8b-a87e-f4c817965e23"
"16/05/2020";Champagne Tsarine Premier Cru;;1;0;0;;"€";"";"";"";"";"f162ccba-e6b8-4f4e-b02e-b0d42bcb0f3b"
"07/11/2021";Champagne Tsarine Premier Cru;;0;1;;0;"€";"";"";"";"";"f162ccba-e6b8-4f4e-b02e-b0d42bcb0f3b"
"14/05/2022";Chantarel;;1;0;4;;"€";"";"Auchan";"";"afcfdea6-b2e5-4c51-b6bd-c0a1da0ced83";"0a266a2e-e48b-48aa-96dd-42d4a03ae79e"
"17/06/2022";Chantarel;;0;1;;0;"€";"";"";"";"";"0a266a2e-e48b-48aa-96dd-42d4a03ae79e"
"12/07/2025";Chantet Blanet Graves;2023;1;0;8;;"€";"";"Leclerc express ";"";"cccdf91c-7354-43b5-b1a1-d28775b2f954";"db983863-d0d4-445b-ae5a-b21abc25dad9"
"11/04/2020";Chantet Blanet Saint-Émilion;2001;1;0;0;;"€";"";"";"";"";"504f85ac"
"27/04/2024";Chardo Haute Vallee De l'Aude;2023;1;0;5;;"€";"";"Grand Frais";"";"40eb2bf6-c0c1-41d1-862b-62d4ff0dcf5f";"4233a8df-a726-4649-a9a6-5844ced40253"
"20/12/2024";Chardo Haute Vallee De l'Aude;2023;0;1;;0;"€";"";"";"";"";"4233a8df-a726-4649-a9a6-5844ced40253"
"07/08/2022";Chardo Sieur d'Arques Limoux Chardonnay Toques & Clochers Haute-vallée;2021;1;0;8;;"€";"";"Grand Frais";"";"40eb2bf6-c0c1-41d1-862b-62d4ff0dcf5f";"15cae6e2-0766-469e-bc61-ff26252d4e01"
"28/08/2022";Chardo Sieur d'Arques Limoux Chardonnay Toques & Clochers Haute-vallée;2021;0;1;;0;"€";"";"";"";"";"15cae6e2-0766-469e-bc61-ff26252d4e01"
"25/07/2023";Chardonnay Les Vignerons de Quissac;2022;1;0;0;;"€";"";"Grand Frais";"";"40eb2bf6-c0c1-41d1-862b-62d4ff0dcf5f";"dd77e3c6-95c4-4d47-964d-57662914e39f"
"28/10/2023";Chardonnay Les Vignerons de Quissac;2022;0;1;;0;"€";"";"";"";"";"dd77e3c6-95c4-4d47-964d-57662914e39f"
"01/11/2024";Chateau Bel Air Graves De Vayres;2016;1;0;7;;"€";"";"Auchan";"";"afcfdea6-b2e5-4c51-b6bd-c0a1da0ced83";"21b647c4-19ff-492c-a5a1-6540243c2dee"
"11/01/2025";Chateau Bel Air Graves De Vayres;2016;0;1;;0;"€";"";"";"";"";"21b647c4-19ff-492c-a5a1-6540243c2dee"
"26/08/2022";Chateau Chevron Villette;;1;0;4,5;;"€";"";"Auchan";"";"afcfdea6-b2e5-4c51-b6bd-c0a1da0ced83";"cf13b5ae-549e-4227-ba9b-f951ed4e0d3a"
"10/06/2023";Chateau Chevron Villette;;0;1;;0;"€";"";"";"";"";"cf13b5ae-549e-4227-ba9b-f951ed4e0d3a"
"18/01/2025";Chateau De Boissac Bordeaux;2020;1;0;5;;"€";"";"Auchan";"";"afcfdea6-b2e5-4c51-b6bd-c0a1da0ced83";"df1813bc-45d2-4cf5-8155-2ff5b75e80fd"
"24/12/2025";Chateau De Boissac Bordeaux;2020;0;1;;0;"€";"";"";"";"";"df1813bc-45d2-4cf5-8155-2ff5b75e80fd"
"18/01/2025";Chateau hoclet;2022;1;0;4,6;;"€";"";"Auchan";"";"afcfdea6-b2e5-4c51-b6bd-c0a1da0ced83";"790adab6-b687-4238-a6d1-382d6baf0542"
"15/06/2025";Chateau L'esprit De Lavalette;2020;1;0;13;;"€";"";"Paul Matus";"fete des peres 2025";"2af36b43-756e-44df-8719-8a2510228fe2";"b6d073d3-a474-4d3e-bf3b-14d6076feb58"
"16/11/2024";Chateau Majoureau Bordeaux Clairet;2023;1;0;6;;"€";"";"Salon Vins Maizieres Les Metz";"";"bd8452c0-4019-49bb-83d6-8edf9879420a";"b1802eb7-0e93-4e54-a05a-5d4d3d3bff8f"
"16/11/2024";Chateau Majoureau Bordeaux Clairet;2023;1;0;6;;"€";"";"Salon Vins Maizieres Les Metz";"";"bd8452c0-4019-49bb-83d6-8edf9879420a";"b1802eb7-0e93-4e54-a05a-5d4d3d3bff8f"
"16/11/2024";Chateau Majoureau Les Vignes Du Paradis;2022;1;0;13;;"€";"";"Salon Vins Maizieres Les Metz";"";"bd8452c0-4019-49bb-83d6-8edf9879420a";"d1fd6634-05db-41f3-bfdc-31be65f2fbe7"
"30/11/2024";Chateau Roberperots Cubee Olivia;2020;1;0;7;;"€";"";"Grand Frais";"";"40eb2bf6-c0c1-41d1-862b-62d4ff0dcf5f";"d08b4ac7-f0da-4e4a-b941-0fcacba3ac79"
"01/12/2024";Chateau Roberperots Cubee Olivia;2020;0;1;;0;"€";"";"";"";"";"d08b4ac7-f0da-4e4a-b941-0fcacba3ac79"
"06/12/2024";Chateau Roberperots Cubee Olivia;2020;1;0;7,5;;"€";"";"Grand Frais";"";"40eb2bf6-c0c1-41d1-862b-62d4ff0dcf5f";"d08b4ac7-f0da-4e4a-b941-0fcacba3ac79"
"07/11/2021";Cheval Quancard Cuvée Hortense Prestige;2019;1;0;0;;"€";"";"";"";"";"d2640e15-f2e9-4890-acd7-311f1935fb4e"
"23/12/2021";Cheval Quancard Cuvée Hortense Prestige;2019;0;1;;0;"€";"";"";"";"";"d2640e15-f2e9-4890-acd7-311f1935fb4e"
"04/08/2020";Chinon La Closerie;;1;0;0;;"€";"";"";"";"";"58bb9c14-cbe3-4cd5-919c-533ec91eb086"
"07/11/2021";Chinon La Closerie;;0;1;;0;"€";"";"";"";"";"58bb9c14-cbe3-4cd5-919c-533ec91eb086"
"07/11/2021";Château Bastian Réserve;2016;1;0;0;;"€";"";"";"";"";"2c90ee8d-370f-4926-b419-2fbc8b217e0f"
"18/12/2021";Château Bastian Réserve;2016;0;1;;0;"€";"";"";"";"";"2c90ee8d-370f-4926-b419-2fbc8b217e0f"
"07/11/2021";Château Bellevue Pineau des Charentes Blanc;2016;1;0;0;;"€";"";"";"";"";"2a566892-9948-441b-a6d6-3f2b4d936906"
"06/12/2024";Château Bellevue Pineau des Charentes Blanc;2016;1;0;0;;"€";"";"";"";"";"2a566892-9948-441b-a6d6-3f2b4d936906"
"23/12/2021";Château Bourdieu;2016;1;0;0;;"€";"";"Papa";"";"429034cd-b3a3-40b8-92bb-85e9c959fa98";"177de834-68c4-47f1-9276-f98c55e8d71d"
"02/04/2023";Château Bourdieu;2016;0;1;;0;"€";"";"";"";"";"177de834-68c4-47f1-9276-f98c55e8d71d"
"11/04/2020";Château Calon-Ségur La Chapelle de Calon Saint-Estčphe;1998;1;0;0;;"€";"";"";"";"";"36acaa7a"
"01/11/2024";Château Chamaille;2021;1;0;7;;"€";"";"Auchan";"";"afcfdea6-b2e5-4c51-b6bd-c0a1da0ced83";"90e24e4c-99c7-4ae3-9c17-39f43b9934d4"
"26/03/2022";Château Chanteloiseau;;1;0;0;;"€";"";"Auchan";"";"afcfdea6-b2e5-4c51-b6bd-c0a1da0ced83";"cf7aaa00-fb17-4953-9b6d-acefe4d60607"
"01/04/2023";Château Chanteloiseau;;0;1;;0;"€";"";"";"";"";"cf7aaa00-fb17-4953-9b6d-acefe4d60607"
"25/07/2023";Château Courac Côtes du Rhône Villages Laudun Éole;2019;1;0;0;;"€";"";"Grand Frais";"";"40eb2bf6-c0c1-41d1-862b-62d4ff0dcf5f";"c37f4fa5-3d10-4ac1-8bd0-66b063cb9b96"
"09/06/2024";Château Courac Côtes du Rhône Villages Laudun Éole;2019;0;1;;0;"€";"Cadeau";"";"pour virgile , anniv lisa";"";"c37f4fa5-3d10-4ac1-8bd0-66b063cb9b96"
"27/09/2025";Château Courac Côtes du Rhône Villages Laudun Éole;2023;1;0;6;;"€";"";"Leclerc express ";"";"cccdf91c-7354-43b5-b1a1-d28775b2f954";"a2497c39-e041-47f9-b147-ebf8d18194ea"
"26/12/2025";Château Côtes de Bonde;2019;1;0;0;;"€";"";"Paul Matus";"";"2af36b43-756e-44df-8719-8a2510228fe2";"845abedb-dbd1-44b3-8f72-bb8c0d70a127"
"23/04/2022";Château d'Artix Les Murailles;2018;1;0;0;;"€";"";"Cora Foetz";"";"1e88c578-c5ca-4392-a0b3-2babd648cf7b";"588d5b40-8906-44e1-ab79-6a77d84232f1"
"19/06/2022";Château d'Artix Les Murailles;2018;0;1;;0;"€";"Cadeau";"";"fęte des pčres, anniv lisa, Virgile";"";"588d5b40-8906-44e1-ab79-6a77d84232f1"
"23/04/2022";Château De Marsan;2021;1;0;0;;"€";"";"Cora Foetz";"";"1e88c578-c5ca-4392-a0b3-2babd648cf7b";"1e543a33-5584-4c2d-9732-0e44b1811e21"
"30/10/2022";Château de Saillans Cuvée S;2019;1;0;0;;"€";"";"Auchan";"";"afcfdea6-b2e5-4c51-b6bd-c0a1da0ced83";"263006de-31d4-45ed-89a1-ebe825df2da7"
"29/04/2023";Château de Saillans Cuvée S;2019;0;1;;0;"€";"Cadeau";"";"offert au couvreur demousseur";"";"263006de-31d4-45ed-89a1-ebe825df2da7"
"18/06/2023";Château de Tigné Rosé d'Anjou;2022;1;0;0;;"€";"";"Paul Matus";"";"2af36b43-756e-44df-8719-8a2510228fe2";"c14bcd5d-f481-43c0-9f34-a7c3243c3695"
"01/11/2023";Château de Tigné Rosé d'Anjou;2022;0;1;;0;"€";"";"";"";"";"c14bcd5d-f481-43c0-9f34-a7c3243c3695"
"11/04/2020";Château du Bailly Monbazillac;1995;1;0;0;;"€";"";"";"";"";"7e1b6dbf"
"14/03/2021";Château du Vieux Puit;2015;1;0;0;;"€";"";"";"";"";"7fafa333-8ce5-473e-a59b-9c75d8cf7fa9"
"07/11/2021";Château du Vieux Puit;2015;0;1;;0;"€";"";"";"";"";"7fafa333-8ce5-473e-a59b-9c75d8cf7fa9"
"23/04/2022";Château du Vieux Puit;2018;1;0;0;;"€";"";"Cora Foetz";"";"1e88c578-c5ca-4392-a0b3-2babd648cf7b";"5484a9f3-7440-429b-b6e8-0942f0513045"
"03/10/2022";Château du Vieux Puit;2018;0;1;;0;"€";"";"";"";"";"5484a9f3-7440-429b-b6e8-0942f0513045"
"23/12/2023";Château Edmond de la Fontaine Pinot Gris;2022;1;0;0;;"€";"";"Cactus";"";"8b3890b2-bd57-444c-90da-81867a8f1385";"8c92e6e2-ec5e-48fa-91e8-5add386d6cbe"
"01/01/2024";Château Edmond de la Fontaine Pinot Gris;2022;0;1;;0;"€";"";"";"";"";"8c92e6e2-ec5e-48fa-91e8-5add386d6cbe"
"31/10/2024";Château Grand Jour;2020;1;0;0;;"€";"";"";"";"";"51210923-d112-47d4-b3f5-f05356fac8e0"
"11/04/2020";Château Jacques Noir Saint-Émilion;2015;1;0;0;;"€";"";"";"";"";"aff7f4d5"
"07/11/2021";Château Jacques Noir Saint-Émilion;2015;0;1;;0;"€";"";"";"";"";"aff7f4d5"
"11/04/2020";Château La Gasparde Côtes de Castillon;2007;1;0;0;;"€";"";"";"";"";"facb7e02"
"07/11/2021";Château La Gasparde Côtes de Castillon;2007;0;1;;0;"€";"";"";"";"";"facb7e02"
"07/11/2021";Château La Rougeante;2020;1;0;0;;"€";"";"";"";"";"295db87c-fd06-4fa5-8aeb-6769f04eddde"
"05/03/2022";Château La Rougeante;2020;0;1;;0;"€";"";"";"";"";"295db87c-fd06-4fa5-8aeb-6769f04eddde"
"25/12/2023";Château Le Roc;2022;1;0;0;;"€";"";"Virgile";"";"d188de49-a5e8-48fd-8638-df32f1c5911b";"43641bfc-c8de-4c52-9c0e-1c8d733e37c0"
"31/03/2024";Château Le Roc;2022;0;1;;0;"€";"Cadeau";"";"paques a virgile";"";"43641bfc-c8de-4c52-9c0e-1c8d733e37c0"
"23/12/2024";Château Lestage;2020;1;0;11;;"€";"";"Auchan";"";"afcfdea6-b2e5-4c51-b6bd-c0a1da0ced83";"773701e8-14e0-4f9b-888c-44b3c1bfe359"
"11/04/2020";Château Macquin Saint-Georges-Saint-Émilion;2015;1;0;0;;"€";"";"";"";"";"4b9554ab"
"07/11/2021";Château Macquin Saint-Georges-Saint-Émilion;2015;0;1;;0;"€";"";"";"";"";"4b9554ab"
"16/11/2024";Château Majoureau Hyppos Saint Macaire;2022;1;0;8;;"€";"";"Salon Vins Maizieres Les Metz";"";"bd8452c0-4019-49bb-83d6-8edf9879420a";"05dab5bc-cb08-4586-a7c1-c4ab95824bab"
"16/11/2024";Château Majoureau Hyppos Saint Macaire;2022;1;0;8;;"€";"";"Salon Vins Maizieres Les Metz";"";"bd8452c0-4019-49bb-83d6-8edf9879420a";"05dab5bc-cb08-4586-a7c1-c4ab95824bab"
"11/02/2025";Château Majoureau Hyppos Saint Macaire;2022;0;1;;0;"€";"";"";"";"";"05dab5bc-cb08-4586-a7c1-c4ab95824bab"
"07/11/2021";Château Mazails;2016;1;0;0;;"€";"";"";"";"";"a633c9ab-66d4-46d8-98ff-41a82c5066db"
"21/08/2022";Château Mazails;2016;0;1;;9,5;"€";"Festivité";"";"offert a virgile, anniv tanguy 2022";"";"a633c9ab-66d4-46d8-98ff-41a82c5066db"
"11/04/2020";Château Merigot;2016;1;0;0;;"€";"";"";"";"";"a3914cd9-358a-4410-a409-dea79e0c007b"
"07/11/2021";Château Merigot;2016;0;1;;0;"€";"";"";"";"";"a3914cd9-358a-4410-a409-dea79e0c007b"
"23/12/2021";Château Merigot;2018;1;0;0;;"€";"";"";"";"";"dcf5d5cb-459e-4db5-9d83-d478b781542b"
"16/06/2024";Château Merigot;2018;0;1;;0;"€";"";"";"";"";"dcf5d5cb-459e-4db5-9d83-d478b781542b"
"17/10/2023";Château Moulin de Cabanieu;2018;1;0;6,5;;"€";"";"Smatch Leudelange";"";"aa0fadd3-24d9-4566-b069-c77c1593d2e1";"5a8d9999-8759-4d02-b1aa-e2ccf07f642a"
"23/12/2023";Château Moulin de Cabanieu;2018;0;1;;0;"€";"";"";"";"";"5a8d9999-8759-4d02-b1aa-e2ccf07f642a"
"19/12/2024";Château Pey La Tour Réserve Vieilles Vignes;2019;1;0;0;;"€";"";"";"";"";"307cbe7e-1e99-4d35-b102-990cd2b337aa"
"07/05/2022";Château Peyron Bouché;2019;1;0;0;;"€";"";"Grand Frais";"";"40eb2bf6-c0c1-41d1-862b-62d4ff0dcf5f";"7441a1b7-fcb1-4fd5-97d5-70a0f19615c7"
"06/10/2022";Château Peyron Bouché;2019;0;1;;0;"€";"";"";"";"";"7441a1b7-fcb1-4fd5-97d5-70a0f19615c7"
"19/04/2024";Château Peyron Bouché;2020;1;0;0;;"€";"";"Grand Frais";"";"40eb2bf6-c0c1-41d1-862b-62d4ff0dcf5f";"fb2a51fa-ba98-4856-9029-d70ebfc28454"
"08/06/2024";Château Peyron Bouché;2020;0;1;;0;"€";"";"";"";"";"fb2a51fa-ba98-4856-9029-d70ebfc28454"
"11/04/2020";Château Pradeau Mazeau Bordeaux;1999;1;0;0;;"€";"";"";"";"";"827fb118"
"07/11/2021";Château Pradeau Mazeau Bordeaux;1999;1;0;0;;"€";"";"";"";"";"827fb118"
"07/11/2021";Château Pradeau Mazeau Bordeaux;1999;0;1;;0;"€";"";"";"";"";"827fb118"
"23/04/2022";Château Reillanne Grande Réserve;2021;1;0;0;;"€";"";"Cora Foetz";"";"1e88c578-c5ca-4392-a0b3-2babd648cf7b";"5531f162-57b7-471d-826c-50ee844004d1"
"19/05/2023";Château Reillanne Grande Réserve;2021;0;1;;0;"€";"";"";"";"";"5531f162-57b7-471d-826c-50ee844004d1"
"07/11/2021";Château Rigaud Vieilles Vignes;2020;1;0;0;;"€";"";"";"";"";"d3ab3b34-2b64-401c-afec-1282b589e760"
"21/02/2022";Château Rigaud Vieilles Vignes;2020;0;1;;0;"€";"Plaisir";"";"bouchonnee...";"";"d3ab3b34-2b64-401c-afec-1282b589e760"
"30/10/2022";Château Tour De Cluchon - Graves;2020;1;0;0;;"€";"";"Auchan";"";"afcfdea6-b2e5-4c51-b6bd-c0a1da0ced83";"3a0be18e-36d8-4e82-9f66-4d9119ffdd2d"
"22/03/2024";Château Tour De Cluchon - Graves;2020;0;1;;0;"€";"";"";"";"";"3a0be18e-36d8-4e82-9f66-4d9119ffdd2d"
"11/04/2020";Château Tour des Gendres Cuvée des Conti;2007;1;0;0;;"€";"";"";"";"";"d214f7eb"
"23/12/2021";Château Tournefeuille;2017;1;0;0;;"€";"";"Paul Matus";"";"2af36b43-756e-44df-8719-8a2510228fe2";"eb172cf0-98ef-4217-a0bd-bd438c2c8090"
"18/04/2022";Château Viella Tradition;2019;1;0;0;;"€";"";"Grand Frais";"";"40eb2bf6-c0c1-41d1-862b-62d4ff0dcf5f";"b87a2211-f8b3-495d-b958-d0c011e33c68"
"02/04/2023";Château Viella Tradition;2019;0;1;;0;"€";"";"";"";"";"b87a2211-f8b3-495d-b958-d0c011e33c68"
"23/12/2021";Château Vieux Moulin;2015;1;0;0;;"€";"";"Papa";"";"429034cd-b3a3-40b8-92bb-85e9c959fa98";"8eb33615-b7ec-4561-89b7-c489d7bd89d9"
"05/03/2022";Château Vieux Moulin;2015;0;1;;0;"€";"";"";"";"";"8eb33615-b7ec-4561-89b7-c489d7bd89d9"
"23/12/2023";Château Yveline;2019;1;0;9;;"€";"";"Cactus";"";"8b3890b2-bd57-444c-90da-81867a8f1385";"9864e589-4391-4d77-8b04-0f1a33166e76"
"23/12/2023";Château Yveline;2019;1;0;9;;"€";"";"Cactus";"";"8b3890b2-bd57-444c-90da-81867a8f1385";"9864e589-4391-4d77-8b04-0f1a33166e76"
"25/12/2023";Château Yveline;2019;0;1;;0;"€";"Festivité";"";"noel 2023";"";"9864e589-4391-4d77-8b04-0f1a33166e76"
"07/07/2024";Château Yveline;2019;0;1;;0;"€";"";"";"";"";"9864e589-4391-4d77-8b04-0f1a33166e76"
"11/04/2020";Cidre Finis Terrae;;1;0;0;;"€";"";"";"";"";"e84197f7-09b1-42a2-a3fb-2ac432d70239"
"01/05/2020";Cidre Finis Terrae;;0;1;;0;"€";"";"";"";"";"e84197f7-09b1-42a2-a3fb-2ac432d70239"
"07/11/2021";Cleebourg Auxerrois;2018;1;0;0;;"€";"";"";"";"";"7695cea4-8f38-4d75-a26e-74e834673c55"
"21/12/2021";Cleebourg Auxerrois;2018;0;1;;0;"€";"";"";"cadeau virgile noel 2021";"";"7695cea4-8f38-4d75-a26e-74e834673c55"
"07/11/2021";Cleebourg Brandhof Pinot Gris;2018;1;0;0;;"€";"";"";"";"";"8e056789-eabd-47c8-afb3-4b4c799a5357"
"07/11/2021";Cleebourg Brandhof Pinot Gris;2018;2;0;0;;"€";"";"";"";"";"8e056789-eabd-47c8-afb3-4b4c799a5357"
"23/12/2021";Cleebourg Brandhof Pinot Gris;2018;0;1;;0;"€";"";"";"";"";"8e056789-eabd-47c8-afb3-4b4c799a5357"
"07/08/2022";Cleebourg Brandhof Pinot Gris;2018;0;1;;0;"€";"";"";"";"";"8e056789-eabd-47c8-afb3-4b4c799a5357"
"18/11/2023";Cleebourg Brandhof Pinot Gris;2018;0;1;;0;"€";"";"";"";"";"8e056789-eabd-47c8-afb3-4b4c799a5357"
"07/11/2021";Cleebourg Cremant Rose;;1;0;0;;"€";"";"";"";"";"939058da-c4fc-4f69-8c11-94d60da67740"
"07/11/2021";Cleebourg Cremant Rose;;3;0;0;;"€";"";"";"";"";"939058da-c4fc-4f69-8c11-94d60da67740"
"30/10/2022";Cleebourg Cremant Rose;;0;1;;0;"€";"";"";"";"";"939058da-c4fc-4f69-8c11-94d60da67740"
"30/10/2022";Cleebourg Cremant Rose;;0;1;;0;"€";"";"";"";"";"939058da-c4fc-4f69-8c11-94d60da67740"
"01/01/2024";Cleebourg Cremant Rose;;0;1;;0;"€";"";"";"";"";"939058da-c4fc-4f69-8c11-94d60da67740"
"01/01/2024";Cleebourg Cremant Rose;;0;1;;0;"€";"";"";"";"";"939058da-c4fc-4f69-8c11-94d60da67740"
"07/11/2021";Cleebourg Keimberg;2019;1;0;0;;"€";"";"";"";"";"82f68f8b-5b63-4389-8165-b4b88c5f5ca6"
"07/11/2021";Cleebourg Keimberg;2019;1;0;0;;"€";"";"";"";"";"82f68f8b-5b63-4389-8165-b4b88c5f5ca6"
"25/12/2021";Cleebourg Keimberg;2019;0;1;;0;"€";"";"";"";"";"82f68f8b-5b63-4389-8165-b4b88c5f5ca6"
"18/11/2022";Cleebourg Keimberg;2019;0;1;;0;"€";"";"";"";"";"82f68f8b-5b63-4389-8165-b4b88c5f5ca6"
"07/11/2021";Cleebourg Pinot Noir Élevé En Barriques;2017;1;0;0;;"€";"";"";"";"";"2ecf2467-492c-47b4-84c7-4401d4235a5b"
"07/11/2021";Cleebourg Pinot Noir Élevé En Barriques;2017;0;1;;0;"€";"";"";"";"";"2ecf2467-492c-47b4-84c7-4401d4235a5b"
"07/11/2021";Cleebourg Pinot Noir Élevé En Barriques;2017;2;0;0;;"€";"";"";"";"";"2ecf2467-492c-47b4-84c7-4401d4235a5b"
"02/04/2023";Cleebourg Pinot Noir Élevé En Barriques;2017;0;1;;0;"€";"";"";"";"";"2ecf2467-492c-47b4-84c7-4401d4235a5b"
"11/01/2025";Clos Manou;2015;1;0;0;;"€";"";"Paul Matus";"";"2af36b43-756e-44df-8719-8a2510228fe2";"d556614c-a131-41d0-8285-86a7ce8be167"
"07/11/2021";Cocktail Brut Lolea;;1;0;0;;"€";"";"";"";"";"1e7fbd36-1452-4a7e-81ec-e8ad7fc5a6fb"
"06/12/2024";Cocktail Brut Lolea;;0;1;;0;"€";"";"";"";"";"1e7fbd36-1452-4a7e-81ec-e8ad7fc5a6fb"
"01/03/2024";Concha Y Toro Casillero del Diablo Cabernet Sauvignon;2020;1;0;8,5;;"€";"";"Auchan";"";"afcfdea6-b2e5-4c51-b6bd-c0a1da0ced83";"1a8a76b0-dd35-4fdb-80a2-7ad85be8dd9a"
"09/03/2024";Concha Y Toro Casillero del Diablo Cabernet Sauvignon;2020;0;1;;0;"€";"";"";"";"";"1a8a76b0-dd35-4fdb-80a2-7ad85be8dd9a"
"17/06/2022";Conscience;2021;1;0;0;;"€";"";"";"";"";"2b75420c-e6b9-465f-bb7d-8e81a2129105"
"18/06/2022";Conscience;2021;0;1;;0;"€";"";"";"bof, celine a bien aime, moi moins";"";"2b75420c-e6b9-465f-bb7d-8e81a2129105"
"18/06/2022";Conscience;2021;1;0;0;;"€";"";"Auchan";"";"afcfdea6-b2e5-4c51-b6bd-c0a1da0ced83";"2b75420c-e6b9-465f-bb7d-8e81a2129105"
"07/08/2022";Conscience;2021;0;1;;0;"€";"";"";"";"";"2b75420c-e6b9-465f-bb7d-8e81a2129105"
"17/06/2022";Conscience ;;1;0;0;;"€";"";"Auchan";"";"afcfdea6-b2e5-4c51-b6bd-c0a1da0ced83";"0c0ec70b-59d6-4935-8623-3cffcd026657"
"17/06/2022";Conscience ;;0;1;;0;"€";"";"";"";"";"0c0ec70b-59d6-4935-8623-3cffcd026657"
"06/12/2024";Corbičres Via Nostrum;2022;1;0;7,5;;"€";"";"Grand Frais";"";"40eb2bf6-c0c1-41d1-862b-62d4ff0dcf5f";"3526184a-dbda-47ac-8c48-074c2f7fb4bd"
"21/03/2025";Corbičres Via Nostrum;2022;0;1;;0;"€";"";"";"";"";"3526184a-dbda-47ac-8c48-074c2f7fb4bd"
"07/07/2025";Cos Du roy;2023;1;0;0;;"€";"";"Virgile";"anniv daphnée ";"d188de49-a5e8-48fd-8638-df32f1c5911b";"bafeab65-4f67-4aa0-9e87-b8a0e50b2cc7"
"22/01/2026";Cos Du roy;2023;0;1;;0;"€";"";"";"";"";"bafeab65-4f67-4aa0-9e87-b8a0e50b2cc7"
"23/04/2022";Costeval;2020;1;0;0;;"€";"";"Cora Foetz";"";"1e88c578-c5ca-4392-a0b3-2babd648cf7b";"b9177b07-9cfb-4060-8f70-c4a5d7f5bb4d"
"17/06/2022";Costeval;2020;0;1;;0;"€";"";"";"";"";"b9177b07-9cfb-4060-8f70-c4a5d7f5bb4d"
"06/07/2024";Cotes De Provence Domaine De L'allamande;2023;1;0;0;;"€";"";"";"";"";"9bd5eff4-16a1-4220-9468-83072c478321"
"14/09/2024";Cotes De Provence Domaine De L'allamande;2023;0;1;;0;"€";"";"";"";"";"9bd5eff4-16a1-4220-9468-83072c478321"
"06/07/2024";Cotes De Provence Sainte Victoire Pierre Chanau;2022;1;0;0;;"€";"";"";"";"";"ddc5f895-dfe2-4198-b5ff-2c03c7133bb6"
"14/09/2024";Cotes De Provence Sainte Victoire Pierre Chanau;2022;0;1;;0;"€";"";"";"";"";"ddc5f895-dfe2-4198-b5ff-2c03c7133bb6"
"15/06/2025";Cremant Alsace Confrérie Saint Etienne;2019;1;0;9;;"€";"";"Confrérie saint etienne";"";"dfabee36-815a-47e9-bbf9-0d4275248202";"58dd9fdd-904b-4351-a219-2a87b54a7ba8"
"01/01/2024";Cremant De Bourgogne Moingeon;;1;0;0;;"€";"";"";"";"";"fcdbd4d4-f705-43e6-853c-1749ae6c1aa4"
"31/03/2024";Cremant De Bourgogne Moingeon;;0;1;;0;"€";"";"";"";"";"fcdbd4d4-f705-43e6-853c-1749ae6c1aa4"
"21/01/2022";Cru La Maqueline;2019;1;0;0;;"€";"";"";"";"";"1bddfb6a-77db-48a3-aaf9-bef09ecd23c6"
"30/04/2022";Cru La Maqueline;2019;0;1;;0;"€";"";"";"";"";"1bddfb6a-77db-48a3-aaf9-bef09ecd23c6"
"23/12/2024";Crémant 7 Talents Hunawihr;;1;0;0;;"€";"";"";"";"";"d28ee24b-112b-4b04-a562-c683090c8610"
"26/04/2025";Crémant 7 Talents Hunawihr;;0;1;;0;"€";"";"";"";"";"d28ee24b-112b-4b04-a562-c683090c8610"
"07/11/2021";Côtes De Provence Terres Ocrées;2020;1;0;0;;"€";"";"";"";"";"6850b7e8-0d9b-4a9b-8f89-2b386cfd3353"
"08/01/2022";Côtes De Provence Terres Ocrées;2020;0;1;;0;"€";"";"";"";"";"6850b7e8-0d9b-4a9b-8f89-2b386cfd3353"
"07/11/2021";Demi Sec Ice Cleebourg;;1;0;0;;"€";"";"";"";"";"cfe44fc4-bbbb-4890-bac7-208097ff0bf1"
"07/11/2021";Demi Sec Ice Cleebourg;;1;0;0;;"€";"";"";"";"";"cfe44fc4-bbbb-4890-bac7-208097ff0bf1"
"25/07/2023";Demi Sec Ice Cleebourg;;0;1;;0;"€";"";"";"";"";"cfe44fc4-bbbb-4890-bac7-208097ff0bf1"
"25/07/2023";Demi Sec Ice Cleebourg;;0;1;;0;"€";"";"";"";"";"cfe44fc4-bbbb-4890-bac7-208097ff0bf1"
"23/12/2022";Domaine Arnoux Pčre et Fils Savigny-lčs-Beaune Les Pimentiers;2017;1;0;24;;"€";"";"Auchan";"";"afcfdea6-b2e5-4c51-b6bd-c0a1da0ced83";"d7304375-54c7-4abd-ae12-86a53b1ac774"
"02/04/2023";Domaine Arnoux Pčre et Fils Savigny-lčs-Beaune Les Pimentiers;2017;0;1;;0;"€";"";"";"";"";"d7304375-54c7-4abd-ae12-86a53b1ac774"
"11/04/2020";Domaine Chęne Mâcon la Roche Vineuse Blanc;2019;1;0;0;;"€";"";"";"";"";"d0765496"
"19/07/2020";Domaine Chęne Mâcon la Roche Vineuse Blanc;2019;0;1;;0;"€";"";"";"";"";"d0765496"
"23/12/2024";Domaine de Fabrčgues Pays d'Oc Viognier;2023;1;0;0;;"€";"";"";"";"";"545f12e4-6b19-47f0-8590-00bda0f21c59"
"25/08/2025";Domaine de Fabrčgues Pays d'Oc Viognier;2023;0;1;;0;"€";"";"";"";"";"545f12e4-6b19-47f0-8590-00bda0f21c59"
"05/09/2025";Domaine de Fabrčgues Pays d'Oc Viognier;2023;1;0;0;;"€";"";"";"";"";"545f12e4-6b19-47f0-8590-00bda0f21c59"
"05/09/2025";Domaine de Fabrčgues Pays d'Oc Viognier;2023;0;1;;0;"€";"";"";"";"";"545f12e4-6b19-47f0-8590-00bda0f21c59"
"01/08/2023";Domaine De L'amour;2022;1;0;7,4;;"€";"";"Vinatis";"";"743dd6d5-65ea-496c-938a-4f3e15aaa423";"abf2a3a2-ecf9-4ecf-af74-acc9f2144390"
"29/09/2023";Domaine De L'amour;2022;0;1;;0;"€";"";"";"";"";"abf2a3a2-ecf9-4ecf-af74-acc9f2144390"
"31/10/2025";Domaine de L'Argenteille Terrasses du Larzac Garric;2018;1;0;11;;"€";"";"Leclerc";"";"f482ad47-ebd2-4349-b0d8-ecd54268c52f";"e0178a47-34da-4897-b9ef-a05a3d9d1c8d"
"24/12/2025";Domaine De La Tour Chardonnay Pays D'oc;2023;1;0;0;;"€";"";"Botanic";"";"02143046-4d31-40ab-a1aa-03ab20071b17";"80d3935d-be2c-4597-b6ad-ade130b2f12a"
"23/12/2021";Domaine de Montine Grignan-les-Adhémar;2017;1;0;0;;"€";"";"Mets Et Vins";"";"9ecbb04a-4b19-4169-97da-8ad3e4497311";"18da8c60-1ce5-449d-a1f7-9322db640ff0"
"05/03/2022";Domaine de Montine Grignan-les-Adhémar;2017;0;1;;0;"€";"";"";"";"";"18da8c60-1ce5-449d-a1f7-9322db640ff0"
"10/06/2020";Domaine de Muzy Terre Amoureuse;2018;1;0;0;;"€";"";"";"";"";"1117a854-2579-4471-9ff9-dac87367aeaf"
"19/07/2020";Domaine de Muzy Terre Amoureuse;2018;0;1;;0;"€";"";"";"";"";"1117a854-2579-4471-9ff9-dac87367aeaf"
"10/06/2020";Domaine de Rousset les Coquelicots;2019;2;0;0;;"€";"";"";"";"";"58eb8753-fcc6-48bd-9735-e87af9028e72"
"13/06/2020";Domaine de Rousset les Coquelicots;2019;0;1;;0;"€";"";"";"";"";"58eb8753-fcc6-48bd-9735-e87af9028e72"
"19/07/2020";Domaine de Rousset les Coquelicots;2019;0;1;;0;"€";"";"";"";"";"58eb8753-fcc6-48bd-9735-e87af9028e72"
"23/04/2022";Domaine de Tamary;2021;1;0;0;;"€";"";"";"";"";"3fdde52b-ee24-4ac9-9365-5ea913932dc3"
"06/12/2024";Domaine de Tamary;2021;0;1;;0;"€";"";"";"";"";"3fdde52b-ee24-4ac9-9365-5ea913932dc3"
"07/12/2025";Domaine Du Grangeon Viognier;2024;1;0;0;;"€";"";"Philippe Ocvirk";"";"468dd1c1-c845-4eea-8d2c-cd0f655756de";"159424b6-2a7f-43d3-b3c1-977c03dac869"
"30/12/2023";Domaine du Tariquet Côté;2022;1;0;0;;"€";"";"Auchan";"";"afcfdea6-b2e5-4c51-b6bd-c0a1da0ced83";"f639c07f-c71f-4682-8e9f-d226bacfd1fb"
"25/02/2024";Domaine du Tariquet Côté;2022;0;1;;0;"€";"";"";"";"";"f639c07f-c71f-4682-8e9f-d226bacfd1fb"
"01/08/2023";Domaine du Tariquet Premičres Grives;2022;1;0;12;;"€";"";"Vinatis";"";"743dd6d5-65ea-496c-938a-4f3e15aaa423";"b9939ad3-6841-4fde-b47f-5eb81e5e4387"
"01/01/2024";Domaine du Tariquet Premičres Grives;2022;0;1;;0;"€";"";"";"";"";"b9939ad3-6841-4fde-b47f-5eb81e5e4387"
"07/11/2021";Domaine du Vieux Micocoulier Grignan-les-Adhémar Dominante Syrah;2020;1;0;0;;"€";"";"";"";"";"8f6e241a-9507-4d43-8350-7f5157892bb5"
"18/04/2022";Domaine du Vieux Micocoulier Grignan-les-Adhémar Dominante Syrah;2020;0;1;;0;"€";"";"";"";"";"8f6e241a-9507-4d43-8350-7f5157892bb5"
"07/11/2021";Domaine Grand Bécassier Côtes du Rhône Vieilles Vignes;2019;1;0;0;;"€";"";"";"";"";"29a2115f-16c3-439c-aca8-ebef12e8ccb9"
"18/04/2022";Domaine Grand Bécassier Côtes du Rhône Vieilles Vignes;2019;0;1;;0;"€";"";"";"";"";"29a2115f-16c3-439c-aca8-ebef12e8ccb9"
"23/03/2024";Domaine Grand Bécassier Côtes du Rhône Vieilles Vignes;2021;1;0;8;;"€";"";"Leclerc express ";"";"cccdf91c-7354-43b5-b1a1-d28775b2f954";"acf15700-4c90-4dc2-abe1-ab1fc40b2a04"
"08/06/2024";Domaine Grand Bécassier Côtes du Rhône Vieilles Vignes;2021;1;0;0;;"€";"";"Auchan";"";"afcfdea6-b2e5-4c51-b6bd-c0a1da0ced83";"acf15700-4c90-4dc2-abe1-ab1fc40b2a04"
"16/11/2024";Domaine Grand Bécassier Côtes du Rhône Vieilles Vignes;2021;1;0;6;;"€";"";"Auchan";"";"afcfdea6-b2e5-4c51-b6bd-c0a1da0ced83";"acf15700-4c90-4dc2-abe1-ab1fc40b2a04"
"15/06/2025";Domaine Grand Bécassier Côtes du Rhône Vieilles Vignes;2021;0;1;;0;"€";"";"";"";"";"acf15700-4c90-4dc2-abe1-ab1fc40b2a04"
"14/06/2026";Domaine Grand Bécassier Côtes du Rhône Vieilles Vignes;2021;0;1;;0;"€";"";"";"anniv lisa";"";"acf15700-4c90-4dc2-abe1-ab1fc40b2a04"
"01/08/2023";Domaine Horgelus Le Bal des Papillons;2022;1;0;9;;"€";"";"Vinatis";"";"743dd6d5-65ea-496c-938a-4f3e15aaa423";"e0fdfdf4-deb3-44f1-99a3-0e8c371efe47"
"02/07/2025";Domaine Horgelus Le Bal des Papillons;2022;0;1;;0;"€";"";"";"";"";"e0fdfdf4-deb3-44f1-99a3-0e8c371efe47"
"19/10/2024";Domaine Lalande Cité de Carcassonne Les Hauts de Lalande;2023;1;0;0;;"€";"";"";"";"";"c3854fda-3588-4c53-aa01-ea82669a78b0"
"06/12/2024";Domaine Lalande Cité de Carcassonne Les Hauts de Lalande;2023;0;1;;0;"€";"";"";"";"";"c3854fda-3588-4c53-aa01-ea82669a78b0"
"08/06/2024";Domaine Maison Cheverny;2023;1;0;0;;"€";"";"Auchan";"";"afcfdea6-b2e5-4c51-b6bd-c0a1da0ced83";"cb734ec3-334f-4747-9a8d-b15682917951"
"12/12/2024";Domaine Maison Cheverny;2023;0;1;;0;"€";"";"";"";"";"cb734ec3-334f-4747-9a8d-b15682917951"
"25/07/2023";Domaine Matray Côte de Brouilly Les Terres Bleues;2021;1;0;0;;"€";"";"Grand Frais";"";"40eb2bf6-c0c1-41d1-862b-62d4ff0dcf5f";"6252049b-5b15-4e6e-bf53-e74f1c411d5b"
"07/12/2025";Domaine Matray Côte de Brouilly Les Terres Bleues;2021;0;1;;0;"€";"";"";"";"";"6252049b-5b15-4e6e-bf53-e74f1c411d5b"
"07/12/2025";Domaine Matray Côte de Brouilly Les Terres Bleues;2021;1;0;0;;"€";"";"";"";"";"6252049b-5b15-4e6e-bf53-e74f1c411d5b"
"13/06/2026";Domaine Matray Côte de Brouilly Les Terres Bleues;2021;0;1;;0;"€";"";"";"";"";"6252049b-5b15-4e6e-bf53-e74f1c411d5b"
"23/12/2024";Domaine Maurice Lecestre Petit Chablis;2022;1;0;14;;"€";"";"Auchan";"";"afcfdea6-b2e5-4c51-b6bd-c0a1da0ced83";"1e30b946-67d5-41eb-9dbc-31fe7ebb95b2"
"30/12/2024";Domaine Maurice Lecestre Petit Chablis;2022;0;1;;0;"€";"";"";"";"";"1e30b946-67d5-41eb-9dbc-31fe7ebb95b2"
"24/12/2024";Domaine Preignes Le Neuf Coteaux de Béziers Prestige;2023;1;0;0;;"€";"";"Virgile";"";"d188de49-a5e8-48fd-8638-df32f1c5911b";"a73dc9bb-f63b-4bb9-9a5b-b4f3a21b83e2"
"01/08/2023";Domaine Preignes Le Vieux Coteaux de Béziers Réserve;2022;1;0;10;;"€";"";"Vinatis";"";"743dd6d5-65ea-496c-938a-4f3e15aaa423";"ed0a2428-2d19-4979-b07a-716a39404097"
"26/08/2023";Domaine Preignes Le Vieux Coteaux de Béziers Réserve;2022;0;1;;0;"€";"";"";"";"";"ed0a2428-2d19-4979-b07a-716a39404097"
"01/08/2023";Domaine Preignes Le Vieux Pays d'Oc Tradition Chardonnay;2022;1;0;10;;"€";"";"Vinatis";"";"743dd6d5-65ea-496c-938a-4f3e15aaa423";"d0b5d2cc-722f-497d-9736-28092e96cbf0"
"18/11/2023";Domaine Preignes Le Vieux Pays d'Oc Tradition Chardonnay;2022;0;1;;0;"€";"";"";"";"";"d0b5d2cc-722f-497d-9736-28092e96cbf0"
"19/12/2024";Domaine Richaud Côtes du Rhône Nouveau;2022;1;0;0;;"€";"";"";"";"";"d521c455-b5b4-46df-8185-e524c6a3b6ac"
"19/12/2024";Domaine Richaud Côtes du Rhône Terre d'Aigles;2022;1;0;0;;"€";"";"";"";"";"585260ca-1ee4-4bd2-99af-5d1810ac7379"
"19/12/2024";Domaine Richaud Côtes du Rhône Terre de Galets;2022;1;0;0;;"€";"";"";"";"";"42659312-18f0-4f70-955c-6f9114361c68"
"07/11/2021";Domaine Saint-Bénézet Viognier Sensation;2019;1;0;0;;"€";"";"";"";"";"f66b6a7e-dff0-456c-9516-e6374c3c1fcc"
"30/10/2022";Domaine Saint-Bénézet Viognier Sensation;2019;1;0;0;;"€";"";"";"";"";"f66b6a7e-dff0-456c-9516-e6374c3c1fcc"
"30/10/2022";Domaine Saint-Bénézet Viognier Sensation;2019;0;1;;0;"€";"";"";"";"";"f66b6a7e-dff0-456c-9516-e6374c3c1fcc"
"24/12/2022";Domaine Saint-Bénézet Viognier Sensation;2019;0;1;;0;"€";"";"";"";"";"f66b6a7e-dff0-456c-9516-e6374c3c1fcc"
"10/06/2020";Domaine Thomas-Labaille Sancerre L'Authentique;2017;1;0;0;;"€";"";"";"";"";"3f8374c5-4f06-4165-ad7c-e813921501ee"
"20/06/2020";Domaine Thomas-Labaille Sancerre L'Authentique;2017;0;1;;0;"€";"";"";"";"";"3f8374c5-4f06-4165-ad7c-e813921501ee"
"23/12/2023";Domaines Vinsmoselle Moselle Luxembourgeoise Côte de Remich Pinot Gris;2022;1;0;0;;"€";"";"Cactus";"";"8b3890b2-bd57-444c-90da-81867a8f1385";"e45cb1e6-0d07-4420-8607-d244fb944ff5"
"25/01/2024";Domaines Vinsmoselle Moselle Luxembourgeoise Côte de Remich Pinot Gris;2022;0;1;;0;"€";"";"";"";"";"e45cb1e6-0d07-4420-8607-d244fb944ff5"
"11/04/2020";Dominique Raimond Reserve de Sauvignon Premičre Côtes de Blaye;2016;1;0;0;;"€";"";"";"";"";"da33fd4b"
"06/12/2024";Dominique Raimond Reserve de Sauvignon Premičre Côtes de Blaye;2016;0;1;;0;"€";"";"";"";"";"da33fd4b"
"10/06/2023";Dopff & Irion Alsace Pinot Gris Château de Riquewihr Les Marquisards;2021;1;0;0;;"€";"";"";"";"";"a458e16a-9ad0-4f75-9078-675ae735b724"
"11/06/2023";Dopff & Irion Alsace Pinot Gris Château de Riquewihr Les Marquisards;2021;0;1;;0;"€";"";"";"";"";"a458e16a-9ad0-4f75-9078-675ae735b724"
"31/10/2024";Dopff & Irion Alsace Pinot Gris Château de Riquewihr Les Marquisards;2022;1;0;0;;"€";"";"Paul Matus";"";"2af36b43-756e-44df-8719-8a2510228fe2";"7e758c9a-a1c8-45e6-95c2-15627ca0de41"
"11/04/2020";Dopff & Irion Les Maquisards Pinot Gris;2012;4;0;0;;"€";"";"";"";"";"9a7e1e15"
"12/04/2020";Dopff & Irion Les Maquisards Pinot Gris;2012;0;1;;0;"€";"Festivité";"";"paques";"";"9a7e1e15"
"29/08/2020";Dopff & Irion Les Maquisards Pinot Gris;2012;0;1;;0;"€";"";"";"";"";"9a7e1e15"
"07/11/2021";Dopff & Irion Les Maquisards Pinot Gris;2012;0;1;;0;"€";"";"";"";"";"9a7e1e15"
"07/11/2021";Dopff & Irion Les Maquisards Pinot Gris;2012;0;1;;0;"€";"";"";"";"";"9a7e1e15"
"11/04/2020";Dopff & Irion Les Tonnelles Pinot Noir;2010;1;0;0;;"€";"";"";"";"";"efb64e06"
"10/06/2020";Dopff & Irion Les Tonnelles Pinot Noir;2010;0;1;;0;"€";"";"";"";"";"efb64e06"
"11/04/2020";Dopff Irion Alsace Pinot Noir Rosé;2017;1;0;0;;"€";"";"";"";"";"310eb7e8-4975-4af2-9a8c-09b65ea900c0"
"11/04/2020";Dopff Irion Alsace Pinot Noir Rosé;2017;0;1;;0;"€";"";"";"";"";"310eb7e8-4975-4af2-9a8c-09b65ea900c0"
"18/01/2025";Dumnacus Anjou;2022;1;0;0;;"€";"";"";"";"";"d1c2a4d8-25cc-451d-8713-ed4d5afa498b"
"19/05/2020";Dune Gris de Gris;2018;1;0;0;;"€";"";"";"";"";"20c7e98b-c8e2-4a65-8c43-ce7eb13700e6"
"06/06/2020";Dune Gris de Gris;2018;0;1;;0;"€";"";"";"";"";"20c7e98b-c8e2-4a65-8c43-ce7eb13700e6"
"07/08/2022";Duo ;2020;1;0;8;;"€";"";"Grand Frais";"";"40eb2bf6-c0c1-41d1-862b-62d4ff0dcf5f";"f4238ffe-986d-4024-880c-ba0b3fd7bbb2"
"30/10/2022";Duo ;2020;0;1;;0;"€";"";"";"";"";"f4238ffe-986d-4024-880c-ba0b3fd7bbb2"
"07/11/2021";Emotion Collioure;2013;1;0;0;;"€";"";"";"";"";"5464851d-5dce-4b18-847a-39d57190842a"
"23/12/2022";Emotion Collioure;2013;0;1;;0;"€";"";"";"";"";"5464851d-5dce-4b18-847a-39d57190842a"
"26/10/2023";Esprit  Coteaux D'aix En Provence;2021;1;0;0;;"€";"";"";"";"";"983fd23b-1297-40ee-a0af-9867eab4f71e"
"01/01/2024";Esprit  Coteaux D'aix En Provence;2021;0;1;;0;"€";"";"";"";"";"983fd23b-1297-40ee-a0af-9867eab4f71e"
"07/05/2022";Estandon Saint Louis De Provence;2021;1;0;0;;"€";"";"Grand Frais";"";"40eb2bf6-c0c1-41d1-862b-62d4ff0dcf5f";"1f9b614c-d336-4aae-875f-2086459e07fa"
"07/08/2022";Estandon Saint Louis De Provence;2021;0;1;;0;"€";"";"";"";"";"1f9b614c-d336-4aae-875f-2086459e07fa"
"07/11/2021";Famille Hauller Alsace Pinot Noir Héritage Vieilles Vignes;2019;1;0;0;;"€";"";"";"";"";"4bc8d878-68e3-4dba-88b8-5db4c1083238"
"24/12/2022";Famille Hauller Alsace Pinot Noir Héritage Vieilles Vignes;2019;0;1;;0;"€";"Festivité";"";"offert a virigile, noel 2022";"";"4bc8d878-68e3-4dba-88b8-5db4c1083238"
"11/04/2020";Finca el Recreo Tinto;2016;1;0;0;;"€";"";"";"";"";"3d94a8bc"
"07/11/2021";Finca el Recreo Tinto;2016;0;1;;0;"€";"";"";"";"";"3d94a8bc"
"07/11/2021";Fort du Mirail;2020;1;0;0;;"€";"";"";"";"";"027930f6-f648-44e3-a2bf-f0ab9d1595d0"
"10/09/2022";Fort du Mirail;2020;0;1;;7;"€";"";"";"";"";"027930f6-f648-44e3-a2bf-f0ab9d1595d0"
"21/06/2020";Freixenet Rose;;1;0;0;;"€";"";"";"";"";"06dcd409-e3f8-4c81-83e6-8093f6f1e3c6"
"29/08/2020";Freixenet Rose;;0;1;;0;"€";"";"";"";"";"06dcd409-e3f8-4c81-83e6-8093f6f1e3c6"
"31/05/2026";Ghislain Kohut Fixin;2023;1;0;30;;"€";"";"Caviste Resto Fixin";"";"9218ca33-d4ca-4240-b08d-69786cca5fe4";"d2f1a669-a997-4400-9a8c-2cfe01b469ab"
"25/04/2025";Gigondas La Cave Beaumes de Venise Les Dentelles en Armoiries;2022;1;0;9;;"€";"";"Grand Frais";"";"40eb2bf6-c0c1-41d1-862b-62d4ff0dcf5f";"358accc6-fe0e-43b8-9079-1678cb2f413b"
"11/04/2020";Graman Duchesse de Graman Premičres Côtes de Bordeaux;2012;1;0;0;;"€";"";"";"";"";"bc82a374"
"07/11/2021";Graman Duchesse de Graman Premičres Côtes de Bordeaux;2012;1;0;0;;"€";"";"";"";"";"bc82a374"
"23/12/2022";Graman Duchesse de Graman Premičres Côtes de Bordeaux;2012;0;1;;0;"€";"";"";"";"";"bc82a374"
"25/01/2024";Grand Becassier;2022;1;0;6,37;;"€";"";"Leclerc express ";"";"cccdf91c-7354-43b5-b1a1-d28775b2f954";"7a31985f-537d-4c41-b333-57af1fa5ae4e"
"25/02/2024";Grand Becassier;2022;0;1;;0;"€";"";"";"";"";"7a31985f-537d-4c41-b333-57af1fa5ae4e"
"13/06/2026";Grenache Chevrotin;2022;1;0;0;;"€";"";"";"";"";"05494a5a-bd1a-437b-be69-b5a0e577368e"
"13/06/2026";Grenache Chevrotin;2022;0;1;;0;"€";"";"";"";"";"05494a5a-bd1a-437b-be69-b5a0e577368e"
"29/08/2024";Grimaud Fleur De  Provence;2023;1;0;6;;"€";"";"Grand Frais";"";"40eb2bf6-c0c1-41d1-862b-62d4ff0dcf5f";"8829613a-ce44-4179-8bc9-b9279bfadd71"
"25/08/2025";Grimaud Fleur De  Provence;2023;0;1;;0;"€";"";"";"";"";"8829613a-ce44-4179-8bc9-b9279bfadd71"
"19/05/2020";Gris Listel;;1;0;0;;"€";"";"";"";"";"6401b79a-e5a4-4be3-8f7f-d2f861317d94"
"07/11/2021";Gris Listel;;0;1;;0;"€";"";"";"";"";"6401b79a-e5a4-4be3-8f7f-d2f861317d94"
"01/08/2023";Guardian Alma Cersius;2022;1;0;7,5;;"€";"";"Vinatis";"";"743dd6d5-65ea-496c-938a-4f3e15aaa423";"160c5c47-f117-4f59-865e-3ec8bf328f3b"
"29/11/2023";Guardian Alma Cersius;2022;0;1;;0;"€";"";"";"";"";"160c5c47-f117-4f59-865e-3ec8bf328f3b"
"07/11/2021";Gérard Bertrand Autrement Cabernet Sauvignon;2019;1;0;0;;"€";"";"";"";"";"c8c729cb-999e-43a4-8527-f41ef4b175ca"
"22/04/2022";Gérard Bertrand Autrement Cabernet Sauvignon;2019;0;1;;0;"€";"";"";"";"";"c8c729cb-999e-43a4-8527-f41ef4b175ca"
"06/04/2022";Haut-Médoc Château Lachesnaye;2014;1;0;5;;"€";"";"Auchan";"";"afcfdea6-b2e5-4c51-b6bd-c0a1da0ced83";"95c4b874-9242-4fc2-a46e-f821279c3f99"
"31/03/2024";Haut-Médoc Château Lachesnaye;2014;0;1;;0;"€";"";"";"";"";"95c4b874-9242-4fc2-a46e-f821279c3f99"
"14/12/2024";Henri Ehrhart Alsace Gewurztraminer Réserve Particuličre;2022;1;0;6;;"€";"";"Leclerc express ";"";"cccdf91c-7354-43b5-b1a1-d28775b2f954";"988db654-a7f0-4a5b-a609-a5efa8196e7c"
"14/02/2026";Henri Ehrhart Alsace Gewurztraminer Réserve Particuličre;2022;0;1;;0;"€";"";"";"";"";"988db654-a7f0-4a5b-a609-a5efa8196e7c"
"22/03/2025";Henri Ehrhart Alsace Gewurztraminer Réserve Particuličre;2023;1;0;9;;"€";"";"Leclerc express ";"";"cccdf91c-7354-43b5-b1a1-d28775b2f954";"b9622bae-0ff5-4fbb-a8ea-6356fe32e1e5"
"25/04/2025";Henri Ehrhart Alsace Gewurztraminer Réserve Particuličre;2023;0;1;;0;"€";"";"";"";"";"b9622bae-0ff5-4fbb-a8ea-6356fe32e1e5"
"07/12/2025";Henri Ehrhart Alsace Pinot Gris Réserve Particuličre;2023;1;0;0;;"€";"";"";"";"";"a030b488-f34f-4e0c-89e6-1e98b5382e3f"
"14/02/2026";Henri Ehrhart Alsace Pinot Gris Réserve Particuličre;2023;0;1;;0;"€";"";"";"";"";"a030b488-f34f-4e0c-89e6-1e98b5382e3f"
"11/04/2020";Henri Molinet Juliénas Cru Du Beaujolais;2006;1;0;0;;"€";"";"";"";"";"013dbdaa"
"07/11/2021";Henri Molinet Juliénas Cru Du Beaujolais;2006;0;1;;0;"€";"";"";"";"";"013dbdaa"
"17/06/2022";Hilha;2021;1;0;0;;"€";"";"Auchan";"";"afcfdea6-b2e5-4c51-b6bd-c0a1da0ced83";"fea3c516-5529-4c0a-be25-06c682a3bf57"
"10/06/2023";Hilha;2021;0;1;;0;"€";"";"";"";"";"fea3c516-5529-4c0a-be25-06c682a3bf57"
"12/06/2022";Hospices Strasbourg Cleebourg Pinot Blanc;2019;1;0;0;;"€";"";"Hospices Strasbourg ";"";"be8334db-f570-41c4-8c9b-58eee3452d20";"7ac0cc93-04e2-44bc-87ee-7b26ee390561"
"30/10/2022";Hospices Strasbourg Cleebourg Pinot Blanc;2019;0;1;;0;"€";"";"";"";"";"7ac0cc93-04e2-44bc-87ee-7b26ee390561"
"26/04/2025";Intuition Cotes Du Rhone;2024;1;0;6;;"€";"";"Grand Frais";"";"40eb2bf6-c0c1-41d1-862b-62d4ff0dcf5f";"45989cf8-5651-4906-9942-f08e79fbd941"
"11/04/2020";Jean Bernard Cuvée Jean Bernard;2015;1;0;0;;"€";"";"";"";"";"b2e24631"
"02/04/2023";Jean Bernard Cuvée Jean Bernard;2015;0;1;;0;"€";"";"";"";"";"b2e24631"
"02/02/2025";Jean des Valanges Chardonnay;2023;1;0;6;;"€";"";"IUT Metz";"";"ae1f3d8a-1471-47a0-9c66-a03ddcf3ccee";"380fee5f-e002-450b-a16f-2a41c59679e7"
"25/08/2025";Jean des Valanges Chardonnay;2023;0;1;;0;"€";"";"";"";"";"380fee5f-e002-450b-a16f-2a41c59679e7"
"11/04/2020";Joseph Fritz Ottrott Rouge;2017;1;0;0;;"€";"";"";"";"";"5d74cb8e"
"07/11/2021";Joseph Fritz Ottrott Rouge;2017;0;1;;0;"€";"";"";"";"";"5d74cb8e"
"11/04/2020";Joseph Mellot La Grande Cuvée Des Edvins Pouilly-Fumé;2007;1;0;0;;"€";"";"";"";"";"f495cbff"
"25/12/2021";Joseph Mellot La Grande Cuvée Des Edvins Pouilly-Fumé;2007;0;1;;0;"€";"";"";"bouchonné, trop vieux, ne pas conserver du poully fumé";"";"f495cbff"
"10/06/2023";JP. Chenet Original Grenache-Cinsault;2022;1;0;3,4;;"€";"";"Leclerc express ";"";"cccdf91c-7354-43b5-b1a1-d28775b2f954";"b1cf0516-b47a-4658-afdf-9e8cb4263e60"
"11/06/2023";JP. Chenet Original Grenache-Cinsault;2022;0;1;;0;"€";"Cadeau";"";"";"";"b1cf0516-b47a-4658-afdf-9e8cb4263e60"
"17/06/2022";Kalliste;;1;0;0;;"€";"";"Auchan";"";"afcfdea6-b2e5-4c51-b6bd-c0a1da0ced83";"e694f6fd-08e3-4a28-96ce-13e81033f918"
"07/08/2022";Kalliste;;0;1;;0;"€";"";"";"";"";"e694f6fd-08e3-4a28-96ce-13e81033f918"
"13/08/2020";Kanonkop Kadette Cape Blend;2016;1;0;0;;"€";"";"";"";"";"d3f1ad2d-91c0-48ab-870a-cda71d19f2ea"
"13/08/2020";Kanonkop Kadette Cape Blend;2016;0;1;;0;"€";"";"";"";"";"d3f1ad2d-91c0-48ab-870a-cda71d19f2ea"
"25/12/2023";L'orme de Rauzan Gassies;2019;1;0;20;;"€";"";"Paul Matus";"";"2af36b43-756e-44df-8719-8a2510228fe2";"cf9da3ba-e5c6-40b6-b35c-338cf47b56d8"
"26/12/2024";L'orme de Rauzan Gassies;2019;0;1;;0;"€";"";"";"";"";"cf9da3ba-e5c6-40b6-b35c-338cf47b56d8"
"17/06/2023";La Ballerine;2018;1;0;5;;"€";"";"Noz";"";"6c9522a0-9057-4040-a035-263b0d9c47de";"d1724a32-b1f3-44e5-ba0e-78dff51b4762"
"12/10/2023";La Ballerine;2018;0;1;;0;"€";"";"";"";"";"d1724a32-b1f3-44e5-ba0e-78dff51b4762"
"23/12/2021";La Croix de Pez;2017;1;0;0;;"€";"";"Papa";"";"429034cd-b3a3-40b8-92bb-85e9c959fa98";"b331b369-f30b-4646-886f-4a7657f45e4b"
"21/01/2022";La Gariotte Des Batuts;2020;1;0;0;;"€";"";"";"";"";"d5c679a7-73cc-4a71-9043-adfca59e35a5"
"07/08/2022";La Gariotte Des Batuts;2020;0;1;;0;"€";"";"";"";"";"d5c679a7-73cc-4a71-9043-adfca59e35a5"
"01/02/2022";La Javeline;2019;1;0;0;;"€";"";"";"";"";"4f528981-9e14-4c03-bad2-c70ec02f0474"
"30/10/2022";La Javeline;2019;0;1;;0;"€";"";"";"";"";"4f528981-9e14-4c03-bad2-c70ec02f0474"
"07/12/2025";La part Des Biches;2023;1;0;0;;"€";"";"";"";"";"a9e58130-9b47-4a02-9f11-a38fb5a17e83"
"26/08/2023";La Perriere De Giraud;2022;1;0;5;;"€";"";"Grand Frais";"";"40eb2bf6-c0c1-41d1-862b-62d4ff0dcf5f";"4d05bbc4-7c0e-4796-a35a-064d3608e2e0"
"29/09/2023";La Perriere De Giraud;2022;0;1;;0;"€";"";"";"";"";"4d05bbc4-7c0e-4796-a35a-064d3608e2e0"
"26/10/2023";La Serra Montepulciano;2022;1;0;0;;"€";"";"";"";"";"cdf44722-8d99-49bd-8ec9-0524088e28d6"
"06/07/2025";La Serra Montepulciano;2022;0;1;;0;"€";"";"";"";"";"cdf44722-8d99-49bd-8ec9-0524088e28d6"
"01/01/2024";Lacheteau Crémant de Loire Brut;;1;0;0;;"€";"";"";"";"";"f4c653d2-d25e-48a0-8519-d2d30eb26d5b"
"01/11/2024";Lacheteau Crémant de Loire Brut;;0;1;;0;"€";"";"";"";"";"f4c653d2-d25e-48a0-8519-d2d30eb26d5b"
"07/11/2021";Lambrusco Emilia Amabile;;1;0;0;;"€";"";"";"";"";"84954de1-d966-4c14-b99f-383d7f639fbe"
"26/10/2024";Lambrusco Emilia Amabile;;0;1;;0;"€";"";"";"";"";"84954de1-d966-4c14-b99f-383d7f639fbe"
"14/03/2021";Le Carillon de Rouget;2015;1;0;29;;"€";"";"Paul Matus";"";"2af36b43-756e-44df-8719-8a2510228fe2";"a8558c3d-e2a8-4e29-89c7-9fffcd10bc48"
"25/12/2025";Le Carillon de Rouget;2015;0;1;;0;"€";"Festivité";"";"noel";"";"a8558c3d-e2a8-4e29-89c7-9fffcd10bc48"
"25/07/2023";Le Graal Chateau De La Castille;;1;0;0;;"€";"";"Grand Frais";"";"40eb2bf6-c0c1-41d1-862b-62d4ff0dcf5f";"a08a68fb-66ec-4275-abaa-d2029a284a12"
"16/09/2023";Le Graal Chateau De La Castille;;0;1;;0;"€";"";"";"";"";"a08a68fb-66ec-4275-abaa-d2029a284a12"
"25/11/2022";Le Malbec de Cahors Par Johan Vidal;2019;1;0;0;;"€";"";"Grand Frais";"";"40eb2bf6-c0c1-41d1-862b-62d4ff0dcf5f";"39410a68-80b8-4bd6-91f1-e5190a527f4b"
"01/04/2023";Le Malbec de Cahors Par Johan Vidal;2019;0;1;;0;"€";"";"";"";"";"39410a68-80b8-4bd6-91f1-e5190a527f4b"
"13/01/2024";Le Malbec de Cahors Par Johan Vidal;2019;1;0;7;;"€";"";"Grand Frais";"";"40eb2bf6-c0c1-41d1-862b-62d4ff0dcf5f";"39410a68-80b8-4bd6-91f1-e5190a527f4b"
"28/01/2024";Le Malbec de Cahors Par Johan Vidal;2019;0;1;;0;"€";"";"";"";"";"39410a68-80b8-4bd6-91f1-e5190a527f4b"
"23/04/2020";Le Rosé de Mouton Cadet;2011;1;0;0;;"€";"";"";"";"";"058680d3-42b3-4dc6-8359-ecfd4d43b8c4"
"07/11/2021";Le Rosé de Mouton Cadet;2011;0;1;;0;"€";"";"";"";"";"058680d3-42b3-4dc6-8359-ecfd4d43b8c4"
"06/12/2024";Le Rosé de Mouton Cadet;2011;1;0;0;;"€";"";"";"";"";"058680d3-42b3-4dc6-8359-ecfd4d43b8c4"
"23/04/2020";Le Rosé de Mouton Cadet;2014;2;0;0;;"€";"";"";"";"";"d6525ed7-3d5c-4777-8697-6e4d4ff1b8ce"
"26/04/2020";Le Rosé de Mouton Cadet;2014;0;1;;0;"€";"";"";"";"";"d6525ed7-3d5c-4777-8697-6e4d4ff1b8ce"
"10/07/2020";Le Rosé de Mouton Cadet;2014;0;1;;0;"€";"";"";"";"";"d6525ed7-3d5c-4777-8697-6e4d4ff1b8ce"
"26/08/2023";Le Rouet Le Cotes;2022;1;0;10;;"€";"";"Grand Frais";"";"40eb2bf6-c0c1-41d1-862b-62d4ff0dcf5f";"08ee9429-3a42-4a52-8696-55edd743799d"
"01/01/2024";Le Rouet Le Cotes;2022;0;1;;0;"€";"";"";"";"";"08ee9429-3a42-4a52-8696-55edd743799d"
"24/08/2025";Le Talmondais;2023;1;0;0;;"€";"";"Steph Nassoy";"";"96c3e712-d31a-4ccf-b4c5-71612f1bcfca";"9dba77bc-4fed-4dff-9d71-39861018fbfd"
"07/12/2025";Le Talmondais;2023;0;1;;0;"€";"";"";"";"";"9dba77bc-4fed-4dff-9d71-39861018fbfd"
"29/11/2025";Le Talmondais;2021;1;0;0;;"€";"";"";"";"";"3c343e6d-7418-488f-9145-93e686e99ce3"
"29/11/2025";Le Talmondais;2021;0;1;;0;"€";"";"";"";"";"3c343e6d-7418-488f-9145-93e686e99ce3"
"11/04/2020";Le Tertre de Sarpe Saint-Émilion;2013;1;0;0;;"€";"";"";"";"";"8a581956"
"10/06/2020";Le Tertre de Sarpe Saint-Émilion;2013;0;1;;0;"€";"";"";"";"";"8a581956"
"14/09/2024";Les Bleumes;2023;1;0;5;;"€";"";"Grand Frais";"";"40eb2bf6-c0c1-41d1-862b-62d4ff0dcf5f";"06a65451-e986-468f-ab85-81347b0f6261"
"10/06/2023";Les Ormes de Cambras Chardonnay;2022;1;0;3,59;;"€";"";"Leclerc express ";"";"cccdf91c-7354-43b5-b1a1-d28775b2f954";"60e532b9-aed4-47a3-9b73-3dff0be04fb4"
"20/10/2023";Les Ormes de Cambras Chardonnay;2022;0;1;;0;"€";"";"";"";"";"60e532b9-aed4-47a3-9b73-3dff0be04fb4"
"27/09/2025";Les Potins;2024;1;0;8;;"€";"";"Leclerc express ";"";"cccdf91c-7354-43b5-b1a1-d28775b2f954";"010e8974-1668-4c0a-b50b-de82dfdf766a"
"17/01/2026";Les Potins;2024;0;1;;0;"€";"";"";"";"";"010e8974-1668-4c0a-b50b-de82dfdf766a"
"24/06/2023";Les Thérons Faďsse Du Loup;2022;1;0;6;;"€";"";"Grand Frais";"";"40eb2bf6-c0c1-41d1-862b-62d4ff0dcf5f";"d54687d3-6dc7-4582-bb16-d091197cb505"
"01/07/2023";Les Thérons Faďsse Du Loup;2022;0;1;;0;"€";"";"";"";"";"d54687d3-6dc7-4582-bb16-d091197cb505"
"25/06/2022";Les Thérons Pays d'Oc Faďsse du Loup;2021;1;0;0;;"€";"";"Grand Frais";"";"40eb2bf6-c0c1-41d1-862b-62d4ff0dcf5f";"c18fa2e9-315d-466b-bb27-aacf2257954b"
"07/08/2022";Les Thérons Pays d'Oc Faďsse du Loup;2021;1;0;0;;"€";"";"";"";"";"c18fa2e9-315d-466b-bb27-aacf2257954b"
"07/08/2022";Les Thérons Pays d'Oc Faďsse du Loup;2021;0;1;;0;"€";"";"";"";"";"c18fa2e9-315d-466b-bb27-aacf2257954b"
"18/11/2022";Les Thérons Pays d'Oc Faďsse du Loup;2021;0;1;;0;"€";"";"";"";"";"c18fa2e9-315d-466b-bb27-aacf2257954b"
"27/04/2024";Les Vignerons de Tavel & Lirac Tavel Acantalys;2023;1;0;8;;"€";"";"Grand Frais";"";"40eb2bf6-c0c1-41d1-862b-62d4ff0dcf5f";"ecb49b88-a51e-40d0-a697-38dc91266690"
"06/07/2024";Les Vignerons de Tavel & Lirac Tavel Acantalys;2023;0;1;;0;"€";"";"";"";"";"ecb49b88-a51e-40d0-a697-38dc91266690"
"07/11/2021";Les Vignobles Foncalieu Prestige;2019;1;0;0;;"€";"";"";"";"";"a70be0fb-7f3d-4cba-b6bc-39c43efc6150"
"05/03/2022";Les Vignobles Foncalieu Prestige;2019;0;1;;0;"€";"";"";"";"";"a70be0fb-7f3d-4cba-b6bc-39c43efc6150"
"11/04/2020";Les Vins du Littoral Muscat Sec;2017;1;0;0;;"€";"";"";"";"";"61141e66"
"07/11/2021";Les Vins du Littoral Muscat Sec;2017;0;1;;0;"€";"";"";"";"";"61141e66"
"23/12/2022";Lionel Osmin & Cie Villa Chambre d'Amour;2021;1;0;14;;"€";"";"Auchan";"";"afcfdea6-b2e5-4c51-b6bd-c0a1da0ced83";"35e2b12d-5bde-403b-8a9e-aa612ce94ded"
"25/07/2023";Lionel Osmin & Cie Villa Chambre d'Amour;2021;0;1;;0;"€";"";"";"";"";"35e2b12d-5bde-403b-8a9e-aa612ce94ded"
"03/10/2022";Macon Ige Saint Germain;2021;1;0;0;;"€";"";"Grand Frais";"";"40eb2bf6-c0c1-41d1-862b-62d4ff0dcf5f";"da35548b-ca06-42ce-8271-414c098928be"
"30/10/2022";Macon Ige Saint Germain;2021;0;1;;0;"€";"";"";"";"";"da35548b-ca06-42ce-8271-414c098928be"
"07/08/2022";Maison Bianca;2021;1;0;0;;"€";"";"";"";"";"3b60380b-abf1-4a9e-9b44-ed545ef2d26a"
"10/06/2023";Maison Bianca;2021;0;1;;0;"€";"";"";"";"";"3b60380b-abf1-4a9e-9b44-ed545ef2d26a"
"01/08/2023";Maison Bianca;2022;1;0;6;;"€";"";"Grand Frais";"";"40eb2bf6-c0c1-41d1-862b-62d4ff0dcf5f";"8218f783-7979-462b-8d47-ee3ebd5fc193"
"26/08/2023";Maison Bianca;2022;0;1;;0;"€";"";"";"";"";"8218f783-7979-462b-8d47-ee3ebd5fc193"
"11/04/2020";Maison Bouey Chateau Brandeau Bordeaux Supérieur;2016;1;0;0;;"€";"";"";"";"";"0e5c2bd0"
"07/11/2021";Maison Bouey Chateau Brandeau Bordeaux Supérieur;2016;0;1;;0;"€";"";"";"";"";"0e5c2bd0"
"02/01/2026";Maison Pettermann Alsace Riesling Cuvée Particuličre;2024;1;0;0;;"€";"";"Auchan";"";"afcfdea6-b2e5-4c51-b6bd-c0a1da0ced83";"f84127e8-4fb0-4d96-85f5-e5871acea57d"
"14/02/2026";Maison Pettermann Alsace Riesling Cuvée Particuličre;2024;0;1;;0;"€";"";"";"";"";"f84127e8-4fb0-4d96-85f5-e5871acea57d"
"23/12/2023";Maison Viallet Vin de Savoie Apremont;2022;1;0;0;;"€";"";"";"";"";"91f183cb-01b1-418c-a08b-1b83eee44cbb"
"20/12/2024";Maison Viallet Vin de Savoie Apremont;2022;0;1;;0;"€";"";"";"";"";"91f183cb-01b1-418c-a08b-1b83eee44cbb"
"23/12/2021";Margaux Marquis de Mons;2016;1;0;20;;"€";"";"Papa";"";"429034cd-b3a3-40b8-92bb-85e9c959fa98";"e3eb7d95-17cc-4b64-bf85-91ce0167954d"
"04/04/2021";Marqués de Cáceres Crianza;2016;1;0;0;;"€";"";"";"";"";"a628294f-c4cf-4ffc-afec-f1549fa9acd5"
"04/04/2021";Marqués de Cáceres Crianza;2016;0;1;;0;"€";"";"";"";"";"a628294f-c4cf-4ffc-afec-f1549fa9acd5"
"25/07/2023";Marsuret Brut Prosecco Treviso;;1;0;0;;"€";"";"";"";"";"5d7a6159-834e-4437-a90c-21d21bc91c35"
"22/12/2024";Marsuret Brut Prosecco Treviso;;0;1;;0;"€";"";"";"";"";"5d7a6159-834e-4437-a90c-21d21bc91c35"
"16/11/2024";Massif D'Uchaux;2021;1;0;8;;"€";"";"Auchan";"";"afcfdea6-b2e5-4c51-b6bd-c0a1da0ced83";"1dd64cff-9c6d-446d-aa79-8a6fbd5b9f50"
"19/05/2020";Mateus Portugal Rosé;;1;0;0;;"€";"";"";"";"";"024eed65-f291-477b-a2b3-62ca13c3e37e"
"06/06/2020";Mateus Portugal Rosé;;0;1;;0;"€";"";"";"";"";"024eed65-f291-477b-a2b3-62ca13c3e37e"
"29/12/2021";Medoc Maureilhan;2019;1;0;0;;"€";"";"Virgile";"";"d188de49-a5e8-48fd-8638-df32f1c5911b";"36af58dc-1dd2-4171-9011-c007e11d0479"
"26/03/2022";Medoc Maureilhan;2019;0;1;;0;"€";"";"";"";"";"36af58dc-1dd2-4171-9011-c007e11d0479"
"23/12/2024";Moscato Dezzani;;1;0;7;;"€";"";"Auchan";"";"afcfdea6-b2e5-4c51-b6bd-c0a1da0ced83";"db2d1ccd-826b-48df-9c11-d5dbcd30c215"
"11/04/2020";Mouton Cadet Baron Philippe de Rothschild;2012;1;0;0;;"€";"";"";"";"";"ac8867ce"
"07/11/2021";Mouton Cadet Baron Philippe de Rothschild;2012;0;1;;0;"€";"";"";"";"";"ac8867ce"
"26/12/2024";Mouton Cadet La Bergerie;2022;1;0;15;;"€";"";"Virgile";"";"d188de49-a5e8-48fd-8638-df32f1c5911b";"d6ec3872-4c3b-4be1-a8bf-74c979196281"
"11/04/2020";Mouton Cadet Réserve Sauternes;2008;1;0;0;;"€";"";"";"";"";"f839e83d"
"31/10/2025";Mr Chardo;2023;1;0;4,5;;"€";"";"Leclerc";"";"f482ad47-ebd2-4349-b0d8-ecd54268c52f";"f891c470-0266-46ff-9d77-e36c322f7d49"
"15/11/2025";Mr Chardo;2023;0;1;;0;"€";"";"";"";"";"f891c470-0266-46ff-9d77-e36c322f7d49"
"25/07/2023";Mythique Languedoc;2022;1;0;0;;"€";"";"Grand Frais";"";"40eb2bf6-c0c1-41d1-862b-62d4ff0dcf5f";"737cf15d-6d1d-4081-9a1c-2f4793e70abe"
"16/09/2023";Mythique Languedoc;2022;0;1;;0;"€";"";"";"";"";"737cf15d-6d1d-4081-9a1c-2f4793e70abe"
"06/04/2022";Méditerranée Les Coteaux Du Rhone;2020;1;0;0;;"€";"";"";"";"";"98b1bb2d-1ebb-425f-a6c9-dfe249901e1d"
"17/06/2022";Méditerranée Les Coteaux Du Rhone;2020;0;1;;0;"€";"";"";"";"";"98b1bb2d-1ebb-425f-a6c9-dfe249901e1d"
"23/12/2022";Nero D'avola Le Morre;;1;0;0;;"€";"";"Auchan";"";"afcfdea6-b2e5-4c51-b6bd-c0a1da0ced83";"a6d7b8ae-f847-4791-9487-471a554f244d"
"26/10/2024";Nero D'avola Le Morre;;0;1;;0;"€";"";"";"";"";"a6d7b8ae-f847-4791-9487-471a554f244d"
"26/10/2023";Nero D'avola Piantaferro;2022;1;0;0;;"€";"";"";"";"";"fc78d061-4692-471c-87dc-1956cd947e01"
"18/11/2023";Nero D'avola Piantaferro;2022;0;1;;0;"€";"";"";"";"";"fc78d061-4692-471c-87dc-1956cd947e01"
"11/04/2020";Nicolas Potel Corton-Charlemagne Grand Cru;2008;1;0;0;;"€";"";"";"";"";"1bc54f19"
"07/11/2021";Nicolas Potel Corton-Charlemagne Grand Cru;2008;0;1;;0;"€";"";"";"";"";"1bc54f19"
"30/10/2022";Oeuf Bleu;2021;1;0;0;;"€";"";"Auchan";"";"afcfdea6-b2e5-4c51-b6bd-c0a1da0ced83";"8ed1aab6-90c1-473a-8c08-07f0aa1f9322"
"12/11/2022";Oeuf Bleu;2021;0;1;;0;"€";"";"";"";"";"8ed1aab6-90c1-473a-8c08-07f0aa1f9322"
"23/12/2024";Pascal Bouchard Petit Chablis Blancs Cailloux;2023;1;0;14;;"€";"";"";"";"";"0e8dc93e-43af-42c9-8532-82701f931e64"
"27/12/2024";Pascal Bouchard Petit Chablis Blancs Cailloux;2023;0;1;;0;"€";"";"";"";"";"0e8dc93e-43af-42c9-8532-82701f931e64"
"13/12/2023";Patrimonio Mulinu Biancu;2022;1;0;0;;"€";"";"Papa";"cadeau anniv 2023 ";"429034cd-b3a3-40b8-92bb-85e9c959fa98";"6056be7f-f4be-4f24-b0e5-fe2131858b66"
"16/05/2020";Perle des évęques Dietrich Girardot;;1;0;0;;"€";"";"";"";"";"77a2d165-0118-4e9e-a8e9-73ba70863c7c"
"07/11/2021";Perle des évęques Dietrich Girardot;;0;1;;0;"€";"";"";"";"";"77a2d165-0118-4e9e-a8e9-73ba70863c7c"
"06/07/2024";Pfaffenheim Pinot Blanc Grande Réserve;2022;1;0;0;;"€";"";"";"";"";"f782f3df-3835-4e1d-bc5d-95cf3cd7c253"
"17/04/2025";Pfaffenheim Pinot Blanc Grande Réserve;2022;0;1;;0;"€";"";"";"";"";"f782f3df-3835-4e1d-bc5d-95cf3cd7c253"
"16/11/2024";Pierre Chanau Beaujolais Village Vieilles Vignes;2023;1;0;6;;"€";"";"Auchan";"";"afcfdea6-b2e5-4c51-b6bd-c0a1da0ced83";"6e21704e-1904-44e0-9528-4555b320fffb"
"23/12/2024";Pierre Chanau Beaujolais Village Vieilles Vignes;2023;0;1;;0;"€";"";"";"";"";"6e21704e-1904-44e0-9528-4555b320fffb"
"19/05/2020";Pierre Chanau Cabernet d'Anjou;2019;1;0;0;;"€";"";"";"";"";"4fc861bc-1b92-4855-8163-19930a4a87e4"
"06/06/2020";Pierre Chanau Cabernet d'Anjou;2019;0;1;;0;"€";"";"";"";"";"4fc861bc-1b92-4855-8163-19930a4a87e4"
"06/07/2024";Pierre Chanau Rosé d'Anjou;2022;1;0;0;;"€";"";"";"";"";"1f7a40c8-2c87-45de-8048-239399fdff07"
"18/04/2025";Pierre Chanau Rosé d'Anjou;2022;0;1;;0;"€";"";"";"";"";"1f7a40c8-2c87-45de-8048-239399fdff07"
"23/12/2024";Pierre Chanaud Alsace Pinot Blanc;2023;1;0;5;;"€";"";"Auchan";"";"afcfdea6-b2e5-4c51-b6bd-c0a1da0ced83";"99b5facb-39fe-4051-a53b-2d530a8cfb83"
"15/06/2025";Pierre Chanaud Alsace Pinot Blanc;2023;0;1;;0;"€";"";"";"";"";"99b5facb-39fe-4051-a53b-2d530a8cfb83"
"01/11/2024";Pineau Bernard Jacob;;1;0;8;;"€";"";"Cadeau";"";"e2eed80f-f82e-48ff-8e48-dc4dca2e51e0";"9d144d62-de38-4e49-a5c5-7fdfbeac8bac"
"26/03/2022";Pinot Gris 7 Talents;2021;1;0;0;;"€";"";"Auchan";"";"afcfdea6-b2e5-4c51-b6bd-c0a1da0ced83";"34a9b6ac-31dc-417f-9e74-4f0985ba2ad1"
"01/11/2023";Pinot Gris 7 Talents;2021;0;1;;0;"€";"";"";"";"";"34a9b6ac-31dc-417f-9e74-4f0985ba2ad1"
"18/11/2022";Pinot Gris Domaine Sommy (Fey Moselle);2021;1;0;0;;"€";"";"";"";"";"3bff7e19-9af1-4b4b-a8c0-117fc2731bf2"
"25/11/2023";Pinot Gris Domaine Sommy (Fey Moselle);2021;0;1;;0;"€";"";"";"";"";"3bff7e19-9af1-4b4b-a8c0-117fc2731bf2"
"07/07/2024";Pinot Gris Les Maquisards Louis Irion Riquewihr;2022;1;0;0;;"€";"";"Paul Matus";"";"2af36b43-756e-44df-8719-8a2510228fe2";"5f68eaeb-9d73-4109-800a-36626ce64e8a"
"15/03/2025";Pinot Gris Les Maquisards Louis Irion Riquewihr;2022;0;1;;0;"€";"";"";"";"";"5f68eaeb-9d73-4109-800a-36626ce64e8a"
"07/11/2021";Pinot Gris Ollwiller Joseph Scheer;2015;1;0;0;;"€";"";"";"";"";"f95a036f-0955-4728-bb5e-6952cfe7e48e"
"18/12/2021";Pinot Gris Ollwiller Joseph Scheer;2015;0;1;;0;"€";"";"";"";"";"f95a036f-0955-4728-bb5e-6952cfe7e48e"
"15/06/2025";Pinot Noir Confrérie Saint Etienne;2019;1;0;12;;"€";"";"Confrérie saint etienne";"";"dfabee36-815a-47e9-bbf9-0d4275248202";"57ff5dec-6583-4626-a1b8-b99c4d0a5bfe"
"16/05/2020";Pinot Noir Dietrich Girardot;2015;4;0;0;;"€";"";"";"";"";"62374f04-49f0-49c5-8435-9105bf47cda1"
"07/11/2021";Pinot Noir Dietrich Girardot;2015;0;1;;0;"€";"";"";"";"";"62374f04-49f0-49c5-8435-9105bf47cda1"
"07/11/2021";Pinot Noir Dietrich Girardot;2015;0;1;;0;"€";"";"";"";"";"62374f04-49f0-49c5-8435-9105bf47cda1"
"07/11/2021";Pinot Noir Dietrich Girardot;2015;0;1;;0;"€";"";"";"";"";"62374f04-49f0-49c5-8435-9105bf47cda1"
"07/11/2021";Pinot Noir Dietrich Girardot;2015;0;1;;0;"€";"";"";"";"";"62374f04-49f0-49c5-8435-9105bf47cda1"
"31/12/2024";Pitchouline;2022;1;0;7;;"€";"";"Auchan";"";"afcfdea6-b2e5-4c51-b6bd-c0a1da0ced83";"1b866b4f-e355-43ab-8e39-7758c43f7601"
"15/06/2025";Pitchouline;2022;0;1;;0;"€";"";"";"";"";"1b866b4f-e355-43ab-8e39-7758c43f7601"
"18/04/2022";Pomerol Château Grand Moulinet;2019;1;0;0;;"€";"";"";"";"";"78f3d956-b268-4862-8c9f-71ae9dd0ab96"
"10/06/2023";Pomerol Château Grand Moulinet;2019;0;1;;0;"€";"";"";"";"";"78f3d956-b268-4862-8c9f-71ae9dd0ab96"
"07/11/2021";Prieur Barsanne Côtes du Roussillon;2019;1;0;0;;"€";"";"";"";"";"ad8863e4-a29b-4048-aadc-8e34504f86ff"
"04/02/2022";Prieur Barsanne Côtes du Roussillon;2019;1;0;0;;"€";"";"";"";"";"ad8863e4-a29b-4048-aadc-8e34504f86ff"
"04/02/2022";Prieur Barsanne Côtes du Roussillon;2019;0;1;;0;"€";"";"";"";"";"ad8863e4-a29b-4048-aadc-8e34504f86ff"
"23/12/2022";Prieur Barsanne Côtes du Roussillon;2019;0;1;;0;"€";"";"";"";"";"ad8863e4-a29b-4048-aadc-8e34504f86ff"
"10/06/2023";Prieur Barsanne Languedoc;2022;1;0;2,99;;"€";"";"Leclerc express ";"";"cccdf91c-7354-43b5-b1a1-d28775b2f954";"e344b519-0dff-46d4-9cb8-bfbda7ac7fde"
"24/06/2023";Prieur Barsanne Languedoc;2022;0;1;;0;"€";"";"";"";"";"e344b519-0dff-46d4-9cb8-bfbda7ac7fde"
"23/12/2024";Prosecco Monetto;;1;0;0;;"€";"";"Auchan";"";"afcfdea6-b2e5-4c51-b6bd-c0a1da0ced83";"88714b4a-4ebb-4179-99e6-21a4930fba57"
"07/08/2022";ravasqueira;2020;1;0;0;;"€";"";"";"";"";"ba7324d6-5cf1-4682-aa00-29f9569ff119"
"30/10/2022";ravasqueira;2020;0;1;;0;"€";"";"";"";"";"ba7324d6-5cf1-4682-aa00-29f9569ff119"
"06/06/2020";Rhonéa Ventoux Passe Colline;;1;0;0;;"€";"";"";"";"";"69b90cf9-0e55-4562-9964-5e49256f0f1a"
"07/11/2021";Rhonéa Ventoux Passe Colline;;0;1;;0;"€";"";"";"";"";"69b90cf9-0e55-4562-9964-5e49256f0f1a"
"11/04/2020";Rhubarbe;;1;0;0;;"€";"";"";"";"";"3be5230e-1280-4f7d-9624-053c1db37086"
"07/11/2021";Rhubarbe;;1;0;0;;"€";"";"";"";"";"3be5230e-1280-4f7d-9624-053c1db37086"
"07/11/2021";Rhubarbe;;0;1;;0;"€";"";"";"";"";"3be5230e-1280-4f7d-9624-053c1db37086"
"23/12/2024";Riccadonna Prosecco Extra Dry;;1;0;0;;"€";"";"Auchan";"";"afcfdea6-b2e5-4c51-b6bd-c0a1da0ced83";"8ee783d9-bd91-4493-b12e-f08aab9f9320"
"23/12/2021";Richebon Pauillac ;2016;1;0;21;;"€";"";"Papa";"";"429034cd-b3a3-40b8-92bb-85e9c959fa98";"b7d45eab-4007-4ae2-9a90-df00de72324a"
"23/12/2022";Rieutort;2013;1;0;0;;"€";"";"Vieux Boucau";"";"d322341e-e1af-4ee2-93ad-18d13c0bed26";"372677af-a669-4055-8b83-f3c60dcc8290"
"11/04/2020";Rieutort Gros Manseng;2014;1;0;0;;"€";"";"";"";"";"96b61a90"
"07/11/2021";Rieutort Gros Manseng;2014;0;1;;0;"€";"";"";"";"";"96b61a90"
"07/11/2021";Rieutort Gros Manseng;2014;1;0;0;;"€";"";"";"";"";"96b61a90"
"30/10/2022";Rieutort Gros Manseng;2014;0;1;;0;"€";"";"";"";"";"96b61a90"
"30/10/2022";Ričre Cadčne Via Augusta;2021;1;0;0;;"€";"";"Auchan";"";"afcfdea6-b2e5-4c51-b6bd-c0a1da0ced83";"27c1aeea-585b-472a-b86c-3535dfd0cd94"
"27/04/2024";Ričre Cadčne Via Augusta;2021;0;1;;0;"€";"";"";"";"";"27c1aeea-585b-472a-b86c-3535dfd0cd94"
"10/06/2023";Roche Mazet Les Accords Chardonnay & Viognier;2021;1;0;3,52;;"€";"";"Leclerc express ";"";"cccdf91c-7354-43b5-b1a1-d28775b2f954";"98671534-e28b-40c4-8fb9-b6f8ae82ca15"
"25/07/2023";Roche Mazet Les Accords Chardonnay & Viognier;2021;0;1;;0;"€";"";"";"";"";"98671534-e28b-40c4-8fb9-b6f8ae82ca15"
"18/12/2023";Roche Mazet Pays d'Oc Les Accords Chardonnay & Viognier;2022;1;0;0;;"€";"";"Leclerc express ";"";"cccdf91c-7354-43b5-b1a1-d28775b2f954";"ec17a0c9-f2ef-440c-afd8-6c608fe4ae0b"
"11/04/2024";Roche Mazet Pays d'Oc Les Accords Chardonnay & Viognier;2022;0;1;;0;"€";"";"";"";"";"ec17a0c9-f2ef-440c-afd8-6c608fe4ae0b"
"01/01/2024";Rokh Des Meduli;2021;1;0;7;;"€";"";"";"";"";"64bfb52c-3714-4db8-b810-20205820af67"
"25/08/2024";Rokh Des Meduli;2021;0;1;;0;"€";"Cadeau";"";"anniv Tanguy, a Virgile ";"";"64bfb52c-3714-4db8-b810-20205820af67"
"01/10/2022";Romain Duvernay Beaumes de Venise;2021;1;0;0;;"€";"";"Leclerc express ";"";"cccdf91c-7354-43b5-b1a1-d28775b2f954";"6e730f82-ed30-4fa3-9862-2f4aed0653fa"
"11/10/2022";Romain Duvernay Beaumes de Venise;2021;0;1;;0;"€";"";"";"";"";"6e730f82-ed30-4fa3-9862-2f4aed0653fa"
"23/04/2022";Romain Duvernay Costičres De Nîmes;2020;1;0;0;;"€";"";"Cora Foetz";"";"1e88c578-c5ca-4392-a0b3-2babd648cf7b";"5ee8ff8c-1f22-4f10-908e-f4c941fcaa20"
"08/05/2022";Romain Duvernay Costičres De Nîmes;2020;0;1;;0;"€";"";"";"";"";"5ee8ff8c-1f22-4f10-908e-f4c941fcaa20"
"21/01/2022";Roques Mauriac;2018;1;0;0;;"€";"";"";"";"";"d41679fe-3858-457b-9886-f6366681e775"
"05/03/2022";Roques Mauriac;2018;0;1;;0;"€";"";"";"";"";"d41679fe-3858-457b-9886-f6366681e775"
"01/11/2024";Rosato Trevenezie;2023;1;0;2;;"€";"";"Pizza Cadeau";"";"bd008150-1ddd-47ae-8b95-19b4f63a2862";"bf1489ce-bdb4-4359-b566-75b6b287faf0"
"25/08/2025";Rosato Trevenezie;2023;0;1;;0;"€";"";"";"";"";"bf1489ce-bdb4-4359-b566-75b6b287faf0"
"25/07/2023";Rose D'alsace Maison Petterman;2022;1;0;0;;"€";"";"Grand Frais";"";"40eb2bf6-c0c1-41d1-862b-62d4ff0dcf5f";"500c181a-9259-4645-bd7f-042084c53d1c"
"06/08/2023";Rose D'alsace Maison Petterman;2022;0;1;;0;"€";"";"";"";"";"500c181a-9259-4645-bd7f-042084c53d1c"
"23/04/2022";Rosé Casal Garcia;2022;1;0;0;;"€";"";"Cora Foetz";"";"1e88c578-c5ca-4392-a0b3-2babd648cf7b";"8f6451d1-d89c-4074-833e-c23b74e74901"
"20/06/2023";Rosé Casal Garcia;2022;0;1;;0;"€";"";"";"";"";"8f6451d1-d89c-4074-833e-c23b74e74901"
"26/10/2023";Rosé Des Plages;2022;1;0;0;;"€";"";"";"";"";"32f11ba2-4cca-40b4-9e01-a63cb16ae902"
"01/01/2024";Rosé Des Plages;2022;0;1;;0;"€";"";"";"";"";"32f11ba2-4cca-40b4-9e01-a63cb16ae902"
"01/11/2024";Rosé Méditerranée;2023;1;0;0;;"€";"";"Auchan";"";"afcfdea6-b2e5-4c51-b6bd-c0a1da0ced83";"3df6685d-b302-4c4f-8d49-13c1a950f454"
"07/12/2025";Rosé Méditerranée;2023;0;1;;0;"€";"";"";"";"";"3df6685d-b302-4c4f-8d49-13c1a950f454"
"06/06/2020";Saint Croix Ventoux;2019;1;0;0;;"€";"";"";"";"";"42089edf-7492-44ad-b4d2-6306b35f2674"
"29/08/2020";Saint Croix Ventoux;2019;0;1;;0;"€";"";"";"";"";"42089edf-7492-44ad-b4d2-6306b35f2674"
"29/01/2022";Saint Veran Coeur De Silex;2020;1;0;0;;"€";"";"";"";"";"5136497b-db51-4321-be60-4400b5affb36"
"29/01/2022";Saint Veran Coeur De Silex;2020;0;1;;0;"€";"";"";"";"";"5136497b-db51-4321-be60-4400b5affb36"
"09/03/2024";Saint Veran Les Cras;2021;1;0;20;;"€";"";"Les Revue Des Vins De France";"";"6a75e273-5b8f-4300-ac77-067d053ce6ee";"36a069c0-178e-4ae9-b48a-98bd6a06c46b"
"20/12/2022";Saint Émilion Grand Cru - Château Vieux Larmande;2018;1;0;0;;"€";"";"Paul Matus";"";"2af36b43-756e-44df-8719-8a2510228fe2";"33a54ac5-d974-4f96-b5f2-503ffe59f117"
"23/08/2025";Saint Émilion Grand Cru - Château Vieux Larmande;2018;0;1;;0;"€";"";"";"";"";"33a54ac5-d974-4f96-b5f2-503ffe59f117"
"11/04/2020";Saint-Michel Grande Réserve Gaillac;2016;1;0;0;;"€";"";"";"";"";"70f9c6b3"
"25/05/2020";Saint-Michel Grande Réserve Gaillac;2016;0;1;;0;"€";"";"";"";"";"70f9c6b3"
"02/05/2025";Sainte Victoire Henri Bonnaud;2024;1;0;0;;"€";"";"";"";"";"827a1fde-d871-4cf0-a5e1-7e756a55c4f2"
"06/07/2025";Sainte Victoire Henri Bonnaud;2024;0;1;;0;"€";"";"";"";"";"827a1fde-d871-4cf0-a5e1-7e756a55c4f2"
"01/08/2023";Sauvignon Blanc L'artisan;2021;1;0;6,6;;"€";"";"Vinatis";"";"743dd6d5-65ea-496c-938a-4f3e15aaa423";"06ea64e0-b850-4a59-965c-8206ec724418"
"23/12/2023";Sauvignon Blanc L'artisan;2021;0;1;;0;"€";"";"";"";"";"06ea64e0-b850-4a59-965c-8206ec724418"
"08/06/2024";Sauvignon Blanc L'artisan;2021;0;1;;0;"€";"";"";"";"";"06ea64e0-b850-4a59-965c-8206ec724418"
"06/12/2024";Sauvignon Blanc L'artisan;2021;1;0;0;;"€";"";"";"";"";"06ea64e0-b850-4a59-965c-8206ec724418"
"31/10/2025";Savoie Abymes Vieilles Vignes;2024;1;0;7;;"€";"";"Leclerc";"";"f482ad47-ebd2-4349-b0d8-ecd54268c52f";"8684d52e-692e-4b0c-a86b-29c010d402ea"
"24/12/2025";Savoie Abymes Vieilles Vignes;2024;0;1;;0;"€";"";"";"";"";"8684d52e-692e-4b0c-a86b-29c010d402ea"
"25/01/2024";Secret de Berticot Sauvignon;2022;1;0;4,67;;"€";"";"Leclerc express ";"";"cccdf91c-7354-43b5-b1a1-d28775b2f954";"c70160a3-6344-4b3f-8f57-55f32766a6a3"
"08/06/2024";Secret de Berticot Sauvignon;2022;0;1;;0;"€";"";"";"";"";"c70160a3-6344-4b3f-8f57-55f32766a6a3"
"31/12/2025";Signé Bourgogne Bourgogne Chardonnay;2024;1;0;10;;"€";"";"Auchan";"";"afcfdea6-b2e5-4c51-b6bd-c0a1da0ced83";"30c7dd61-7dac-4862-97fc-b712ca766065"
"07/11/2021";Silex Saint Veran;;1;0;0;;"€";"";"";"";"";"db22d3d9-fd40-4798-8056-3406c68d91bf"
"30/11/2021";Silex Saint Veran;;0;1;;0;"€";"";"";"";"";"db22d3d9-fd40-4798-8056-3406c68d91bf"
"09/11/2024";Somló - Tornai Olaszrizling;2022;1;0;8;;"€";"";"Salon Vins Maizieres Les Metz";"";"bd8452c0-4019-49bb-83d6-8edf9879420a";"39dd2300-c14b-48b5-b521-dcf4078b1c7d"
"15/06/2025";Somló - Tornai Olaszrizling;2022;0;1;;0;"€";"";"";"";"";"39dd2300-c14b-48b5-b521-dcf4078b1c7d"
"22/12/2025";Sophie Schaal Alsace Pinot Gris;2024;1;0;0;;"€";"";"Céline";"";"101ed38e-d0de-4e42-b57b-b0267083e4a3";"2bb429a7-a545-4db9-9c2b-f1024ebf0284"
"24/12/2025";Sophie Schaal Alsace Pinot Gris;2024;0;1;;0;"€";"";"";"";"";"2bb429a7-a545-4db9-9c2b-f1024ebf0284"
"22/03/2025";Soupçon de Fruit Rosé d'Anjou;2023;1;0;5;;"€";"";"Leclerc express ";"";"cccdf91c-7354-43b5-b1a1-d28775b2f954";"7e621970-a3ac-4998-99ae-24df9eb580be"
"18/04/2025";Soupçon de Fruit Rosé d'Anjou;2023;0;1;;0;"€";"";"";"";"";"7e621970-a3ac-4998-99ae-24df9eb580be"
"11/04/2020";Stéphane Brocard - Closerie des Alisiers Bourgogne Pinot Noir;2017;1;0;0;;"€";"";"";"";"";"d2b79fe6"
"07/11/2021";Stéphane Brocard - Closerie des Alisiers Bourgogne Pinot Noir;2017;0;1;;0;"€";"";"";"";"";"d2b79fe6"
"06/07/2024";Tavel Domaine Amido Les Baussieres;2022;1;0;0;;"€";"";"Paul Matus";"";"2af36b43-756e-44df-8719-8a2510228fe2";"6717a954-a838-4027-9747-65b5caa5c847"
"01/05/2025";Tavel Domaine Amido Les Baussieres;2022;0;1;;0;"€";"";"";"";"";"6717a954-a838-4027-9747-65b5caa5c847"
"07/08/2023";Tavel Terre Davau;2022;1;0;0;;"€";"";"Paul Matus";"";"2af36b43-756e-44df-8719-8a2510228fe2";"b33d99a6-74d9-4582-be84-532c229b74c5"
"13/04/2024";Tavel Terre Davau;2022;0;1;;0;"€";"";"";"";"";"b33d99a6-74d9-4582-be84-532c229b74c5"
"09/11/2024";Teleki - Villány Chardonnay Olaszrizling;2022;1;0;8;;"€";"";"Salon Vins Maizieres Les Metz";"";"bd8452c0-4019-49bb-83d6-8edf9879420a";"e16dca75-13d3-4219-8830-9531b9f7f601"
"17/04/2025";Teleki - Villány Chardonnay Olaszrizling;2022;0;1;;0;"€";"";"";"";"";"e16dca75-13d3-4219-8830-9531b9f7f601"
"11/04/2020";Terrasses d'Autan Gaillac;2018;1;0;0;;"€";"";"";"";"";"743277e4"
"06/06/2020";Terrasses d'Autan Gaillac;2018;1;0;0;;"€";"";"";"";"";"743277e4"
"06/06/2020";Terrasses d'Autan Gaillac;2018;0;1;;0;"€";"";"";"";"";"743277e4"
"06/06/2020";Terrasses d'Autan Gaillac;2018;1;0;0;;"€";"";"";"";"";"743277e4"
"07/11/2021";Terrasses d'Autan Gaillac;2018;0;1;;0;"€";"";"";"";"";"743277e4"
"07/11/2021";Terrasses d'Autan Gaillac;2018;0;1;;0;"€";"";"";"";"";"743277e4"
"07/11/2021";Terrasses d'Autan Gaillac;2018;1;0;0;;"€";"";"";"";"";"743277e4"
"07/08/2022";Terrasses d'Autan Gaillac;2018;0;1;;0;"€";"";"";"";"";"743277e4"
"11/04/2020";Tupinier-Bautista Les Vieilles Vignes Mercurey;2015;1;0;0;;"€";"";"";"";"";"e31b4f94"
"01/04/2022";Tupinier-Bautista Les Vieilles Vignes Mercurey;2015;0;1;;0;"€";"";"";"";"";"e31b4f94"
"31/10/2024";Val De Loire Domaine De L'Abbaye;2020;0;1;;0;"€";"";"";"";"";"9b2d254c-31d7-4c59-90b9-bf136b6501d9"
"06/12/2024";Val De Loire Domaine De L'Abbaye;2020;1;0;0;;"€";"";"";"";"";"9b2d254c-31d7-4c59-90b9-bf136b6501d9"
"23/12/2022";Vezelay Terre D'argile;2019;1;0;14;;"€";"";"Auchan";"";"afcfdea6-b2e5-4c51-b6bd-c0a1da0ced83";"853d59de-ae6b-4e54-a5ac-4dce7f987417"
"24/12/2022";Vezelay Terre D'argile;2019;0;1;;0;"€";"";"";"";"";"853d59de-ae6b-4e54-a5ac-4dce7f987417"
"10/06/2023";Vieux Carion  Merlot;;1;0;2,25;;"€";"";"Leclerc express ";"";"cccdf91c-7354-43b5-b1a1-d28775b2f954";"0d3ab29e-82c6-43f0-8a19-7ef0c6e4c715"
"17/06/2023";Vieux Carion  Merlot;;0;1;;0;"€";"";"";"";"";"0d3ab29e-82c6-43f0-8a19-7ef0c6e4c715"
"01/08/2023";Villa des Anges Red Blend Réserve;2021;1;0;8,36;;"€";"";"Vinatis";"";"743dd6d5-65ea-496c-938a-4f3e15aaa423";"93c9a791-226d-44bf-ae03-a8c9353d4c6c"
"20/10/2023";Villa des Anges Red Blend Réserve;2021;0;1;;0;"€";"";"";"";"";"93c9a791-226d-44bf-ae03-a8c9353d4c6c"
"06/07/2024";Vin Gris Dom Casa;;1;0;0;;"€";"";"";"";"";"22741069-a672-4ed6-bf99-86b0b0c6bae2"
"14/12/2024";Vin Gris Dom Casa;;0;1;;0;"€";"";"";"";"";"22741069-a672-4ed6-bf99-86b0b0c6bae2"
"24/12/2022";Viré-Clessé Gondard Perrin;2020;1;0;16;;"€";"";"Auchan";"";"afcfdea6-b2e5-4c51-b6bd-c0a1da0ced83";"19dd1957-561d-4221-bb24-989c37bfbdd6"
"02/04/2023";Viré-Clessé Gondard Perrin;2020;0;1;;0;"€";"";"";"";"";"19dd1957-561d-4221-bb24-989c37bfbdd6"
"06/01/2024";Wolfberger Alsace Pinot Blanc;2022;1;0;7;;"€";"";"Leclerc express ";"";"cccdf91c-7354-43b5-b1a1-d28775b2f954";"39d95566-3fd7-4cd3-9daa-758afde2df32"
"20/12/2024";Wolfberger Alsace Pinot Blanc;2022;0;1;;0;"€";"";"";"";"";"39d95566-3fd7-4cd3-9daa-758afde2df32"
"14/12/2024";Wolfberger Alsace Pinot Gris;2023;1;0;8;;"€";"";"Leclerc express ";"";"cccdf91c-7354-43b5-b1a1-d28775b2f954";"681630d6-539d-4454-8848-0c03a3e9dfa0"
"06/07/2025";Wolfberger Alsace Pinot Gris;2023;0;1;;0;"€";"";"";"";"";"681630d6-539d-4454-8848-0c03a3e9dfa0"
"21/08/2025";Wolfberger Alsace Pinot Gris;2023;2;0;0;;"€";"";"";"";"";"681630d6-539d-4454-8848-0c03a3e9dfa0"
"15/11/2025";Wolfberger Alsace Pinot Gris;2023;0;1;;0;"€";"";"";"";"";"681630d6-539d-4454-8848-0c03a3e9dfa0"
"07/12/2025";Wolfberger Alsace Pinot Gris;2023;0;1;;0;"€";"";"";"";"";"681630d6-539d-4454-8848-0c03a3e9dfa0"
"08/06/2024";Wolfberger Alsace Pinot Gris Vieilles Vignes;2022;1;0;0;;"€";"";"Auchan";"";"afcfdea6-b2e5-4c51-b6bd-c0a1da0ced83";"884ff54a-c206-4e54-a53c-52c29d0a6408"
"14/12/2024";Wolfberger Alsace Pinot Gris Vieilles Vignes;2022;0;1;;0;"€";"";"";"";"";"884ff54a-c206-4e54-a53c-52c29d0a6408"
"16/05/2020";Wolfberger Crémant d'Alsace Brut;;1;0;0;;"€";"";"";"";"";"2a1ef17c-9f01-4727-920a-6e400418a017"
"16/05/2020";Wolfberger Crémant d'Alsace Brut;;2;0;0;;"€";"";"";"";"";"2a1ef17c-9f01-4727-920a-6e400418a017"
"07/11/2021";Wolfberger Crémant d'Alsace Brut;;0;1;;0;"€";"";"";"";"";"2a1ef17c-9f01-4727-920a-6e400418a017"
"07/11/2021";Wolfberger Crémant d'Alsace Brut;;0;1;;0;"€";"";"";"";"";"2a1ef17c-9f01-4727-920a-6e400418a017"
"07/11/2021";Wolfberger Crémant d'Alsace Brut;;0;1;;0;"€";"";"";"";"";"2a1ef17c-9f01-4727-920a-6e400418a017"
"24/12/2022";Wolfberger Crémant d'Alsace Brut;;0;1;;0;"€";"";"";"";"";"2a1ef17c-9f01-4727-920a-6e400418a017"
"23/03/2024";Wolfberger Crémant d'Alsace Brut;;1;0;7;;"€";"";"Leclerc express ";"";"cccdf91c-7354-43b5-b1a1-d28775b2f954";"2a1ef17c-9f01-4727-920a-6e400418a017"
"23/03/2024";Wolfberger Crémant d'Alsace Brut;;1;0;7;;"€";"";"Leclerc express ";"";"cccdf91c-7354-43b5-b1a1-d28775b2f954";"2a1ef17c-9f01-4727-920a-6e400418a017"
"01/11/2024";Wolfberger Crémant d'Alsace Brut;;0;1;;0;"€";"";"";"";"";"2a1ef17c-9f01-4727-920a-6e400418a017"
"11/04/2020";Wolfberger Pinot Gris Alsace;2017;1;0;0;;"€";"";"";"";"";"714cfdaf"
"07/11/2021";Wolfberger Pinot Gris Alsace;2017;0;1;;0;"€";"";"";"";"";"714cfdaf"
