"Nom du vin";"Millésime";"Couleur";"Stock";"Stock (en cave)";"Producteur";"Pays";"Région";"Appellation";"Cépages";"Format de bouteille";"Classement";"Cuvée";"Degré d'alcool";"Référence";"Tags";"Apogée";"T° de service";"Estimation";"Note";"Commentaires";"IdVin";"IdContact";"IdDocument";"IdDocumentCouverture"
"Albert Besombes Bourgueil L'Attire-Bouchon";2023;"Rouge";0;0;"Albert Besombes ";"France";"Vallée de la Loire";"Bourgueil";"Cabernet Franc";"Bouteille";"";"";12,5;"";"";;16;4;;"";"559588af-510a-41b8-b432-cb034b5b45bd";"8801851d-acc5-4598-bfa8-980c7c4aee34";"5b64f573-aef8-4d0f-87b9-47a82db5c219";""
"Ambroisie";2022;"Rosé";0;0;"";"France";"Vallée de la Loire";"Rosé d'Anjou";"";"Bouteille";"";"";;"";"";;;;;"";"b7c9f336-39ea-439f-b594-b7c8b454fc22";"";"6fbd0524-b99b-4c84-8fb5-0b16569c20e6";"5291b135-b3b6-4f7c-bffb-5a0fece61017"
"Ambroisie Muscat Sčvre et Maine";2016;"Blanc";0;0;"Ambroisie";"France";"";"";"";"Bouteille";"";"";;"";"";;;;;"";"b9352737";"26ae095f";"b6ccd5f7";""
"Amédée Les Pierres Plates";2024;"Rosé";0;0;"";"France";"Provence";"Côtes de Provence";"";"Bouteille";"";"";;"";"";;;6;;"";"329bff71-94b9-4682-a473-da6c507d4f20";"";"a20a77a3-d280-4a1f-b471-c6341793ac3b";"254268ad-4910-47ef-910c-9e12022bc824"
"Amédée Luberon Ŕ l'Ombre des Platanes";2019;"Rouge";0;0;"Amédée";"France";"Vallée du Rhône";"Luberon";"60% Grenache, 40% Syrah";"Bouteille";"";"";14,5;"";"";;16;;;"";"ed6e4d22-a974-491f-adc9-083142e876d2";"f9950989-4d8e-43a3-a9e8-8b032b36b75d";"752b4cfc-16c7-4808-bc79-b60958f030f7";""
"Antoine Barrier Coteaux Bourguignons";2021;"Rouge";0;0;"Antoine Barrier ";"France";"Bourgogne";"Coteaux Bourguignons";"Pinot Noir";"Bouteille";"";"";12,5;"";"";;15;7;;"";"770670a5-e646-46f7-82dc-e5c84531ce6c";"1c672f37-e0ed-4022-80a9-2a12ae14b129";"4baefbb2-6ace-4a4c-b064-2ee42fd1a679";""
"Apremont";2021;"Blanc";0;0;"";"France";"Savoie";"Vin de Savoie";"";"Bouteille";"";"";;"";"";;;;;"";"54196c37-6b72-4def-974d-bae585184afc";"";"5f79baef-ce85-4b76-ba02-f90d4390824d";"75ab3242-042b-4d89-9b4a-340db9b1f800"
"Apremont Cellier De La Combe";2020;"Blanc";0;0;"";"France";"Savoie";"Vin de Savoie";"";"Bouteille";"";"";;"";"celine,2022,grand frais";;;;;"";"a555148b-7f24-40e0-a780-4c12b510df36";"";"c7fd540b-812c-48a6-a7af-5d41d01a8b36";""
"Apremont Cellier Mont Charvaz";2023;"Rouge";0;0;"";"";"";"";"";"Bouteille";"";"";;"";"";;;7,6;;"";"fd2052b6-2395-4174-b793-d0b3e82bb658";"";"5da0b837-38cd-48cb-b31e-731e200f055e";"039deb85-24b4-47b1-98aa-9fcb48e6aab9"
"B&G Réserve Pinot Noir";2022;"Rouge";0;0;"Barton & Guestier";"France";"Corse";"Île de Beauté";"Pinot Noir";"Bouteille";"";"";12;"";"";;14;9,5;;"";"5b20e133-66f0-47ad-884a-a379871b2d7b";"cf7351c2-5c8a-4155-a988-0e6dd310531a";"f43256ff-cecb-41a0-99e8-5c5cc99c7e10";""
"Baratonne";2020;"Rosé";0;0;"";"";"";"";"";"Bouteille";"";"";;"";"auchan,2022,";;;4;;"";"436416c8-02c1-4208-a622-08ad990a26fd";"";"9df8682e-6b04-4ca5-9ab3-e5ce022db2f9";""
"Baron De Salle";2018;"Rouge";0;0;"";"France";"Bordeaux";"Bordeaux";"";"Bouteille";"";"";;"";"celine,2022,grand frais,";;;;;"";"1495b395-4286-42f9-b9ba-a04ecf2057a0";"";"e37e0200-3e55-4523-b22f-5f2dcb1f647d";""
"Baron Philippe de Rothschild Sélection Agneau Rosé";2021;"Rosé";0;0;"Baron Philippe de Rothschild";"France";"Bordeaux";"Bordeaux";"86% Merlot, 12% Cabernet Sauvignon, 2% Cabernet Franc";"Bouteille";"";"";12;"";"";;10;7;;"";"7b2a45ce-c0ce-408b-8681-1d6a456591ed";"bc812e98-1b8d-4bf8-85eb-ef7608850c7e";"cc145e15-fd4f-4a7f-9650-f02d280107fc";""
"Bastide Saint Jean";;"Rosé";0;0;"";"";"";"";"";"Bouteille";"";"";;"";"";;;;;"";"c0384224-3cf8-4898-8c7e-c26ac8d517f8";"";"20d719f9-faa5-4e14-8baf-c8602623921b";"dcf14766-c826-4157-892b-94d28511bae1"
"Beni di Batasiolo Barbaresco";2021;"Rouge";1;1;"Batasiolo";"Italie";"Piemonte";"Barbaresco";"Nebbiolo";"Bouteille";"";"";;"";"";;18;27;;"";"6d45348b-1a11-430a-81d0-7a8a4d7122ea";"e27afb64-a1b1-4762-9b04-69474a9375b6";"6dd3f552-82f5-43da-ba0f-06ce787b6fdb";""
"Beni di Batasiolo Barolo";2021;"Rouge";1;1;"Batasiolo";"Italie";"Piemonte";"Barolo";"Nebbiolo";"Bouteille";"";"";14,5;"";"";;18;24;;"";"7a69db2f-08d3-46f0-8193-0b79023e8071";"e27afb64-a1b1-4762-9b04-69474a9375b6";"23e408a5-ac14-4c73-932c-96369cd87540";""
"Bergerac Mautain";2018;"Rouge";0;0;"";"France";"Sud-Ouest";"Bergerac";"";"Bouteille";"";"";;"";"";;;;;"";"e934a2f4-caee-4d5f-88c2-c698816538f9";"";"";"f92cf837-45da-4677-85d3-ee00b0e9364d"
"Berticot Secret de Berticot Rouge";;"Rouge";0;0;"Berticot";"France";"Sud-Ouest";"Côtes de Duras";"";"Bouteille";"";"";;"";"";;;;;"";"8cfbeeaa";"89913ef5";"250d7b1d";""
"Bestheim Alsace Crémant d'Alsace Brut Rosé";;"Effervescent";0;0;"Vignobles Bestheim";"France";"Alsace";"Crémant d'Alsace";"Pinot Noir";"Bouteille";"";"";12;"";"";;8;;;"";"6144dc0b-0c62-472a-a03b-d5f9b94f7d6e";"d8d50dba-9606-4974-86bc-42773d99433a";"41d6fca2-270c-4ffb-9f61-a36cf4fcd39e";""
"Bestheim Alsace Crémant d'Alsace Extra Brut";;"Effervescent";0;0;"Vignobles Bestheim";"France";"Alsace";"Crémant d'Alsace";"Auxerrois, Pinot Blanc";"Bouteille";"";"";12;"";"";;8;;;"";"9f8d33cc-2744-4f68-8850-4caed5a4cac0";"d8d50dba-9606-4974-86bc-42773d99433a";"e1c1454b-1315-429f-a67d-e45a121fd489";""
"Blason de Bourgogne Bourgogne Hautes Côtes de Nuits";2021;"Rouge";0;0;"Blason de Bourgogne ";"France";"Bourgogne";"Bourgogne";"Pinot Noir";"Bouteille";"";"";13;"";"";;14;8;;"";"d4a22a5e-d46b-460c-b48b-688d61bbe4f5";"5f9a7c02-c68c-48d4-a2e4-54d84fc9d149";"92ac2b5a-85d4-4959-a8d1-4983b5524c27";""
"Blaye Chateau Jussas";2020;"Rouge";0;0;"";"France";"Bordeaux";"";"";"Bouteille";"";"";;"";"";;;5;;"";"907b57c1-5726-477f-9c8d-5239181a843a";"";"6321b2ed-eb00-4d66-bc64-64f3adfa6693";""
"Bonserine Les Hauts de Cheys Côtes-du-Rhône";2016;"Blanc";0;0;"Bonserine";"France";"";"";"";"Bouteille";"";"";;"";"";;;;;"";"f5849f91";"751a4e69";"8a9a8a05";""
"Bordeaux Terres Legendaires";2024;"Rouge";0;0;"";"France";"Bordeaux";"";"";"Bouteille";"";"";;"";"";;;2;;"";"9fe8549f-1715-4929-95fa-a2eb08b8b580";"";"09fa0248-dab5-4e2b-b0f9-e96b4c0d6cab";"d8f63dae-f4c6-4782-ab86-754cd88e9e25"
"Borie Manoux Blanche Couronne Sauternes";1995;"Liquoreux";1;1;"Borie Manoux";"France";"Bordeaux";"Sauternes";"";"Bouteille";"";"";;"";"";;;;;"";"b814d875";"5567fec4";"80fdef07";""
"Boulaouane Rouge de Maroc";;"Rouge";1;1;"Boulaouane";"Maroc";"El-Jadida";"";"";"Bouteille";"";"";;"";"";;;;;"";"fcba73d1";"45311bb9";"ad77de26";""
"Bourgueil L'attire Bouchon";2019;"Rouge";0;0;"";"France";"Vallée de la Loire";"Bourgueil";"";"Bouteille";"";"";13;"3149070037077";"";;;4;;"";"e2cd8436-363b-42d3-b27f-e75601eff713";"";"68de99e8-3dbe-47af-a311-2978da89b438";""
"Broussey";2018;"Blanc";0;0;"";"France";"Bordeaux";"Bordeaux";"";"Bouteille";"";"";13;"";"";;;;;"";"00bbe2b7-9e0f-4701-a891-bee754fae6c5";"";"9a38aeab-d994-41a3-9fdc-467ad47f9635";"bb76478f-3509-4820-b130-00b781bc68fd"
"Cabernet Sauvignon";;"Rosé";0;0;"";"France";"";"";"";"";"";"";;"";"";;;;;"";"fa947296-9009-4699-abc5-f59e62435618";"";"c63a8856-bdb6-4096-8b88-210bf7bfd7d9";""
"Cabernet Sauvignon ";;"Rosé";0;0;"";"Espagne";"";"";"Cabernet Sauvignon";"Bouteille";"";"";;"";"";;;;;"";"b92b60f3-7999-4eda-969c-feea271dc8cc";"";"2c9324dd-3a3a-42e1-b8da-5038637869bb";"59d3e636-d1ad-4c28-90e9-cbf842bb5a5e"
"Cabernet Sauvignon Espagne";;"Rosé";0;0;"";"";"";"";"";"Bouteille";"";"";;"";"";;;;;"";"8951898e-bc8c-4923-b120-f124f6537a2f";"";"";"24f11aa0-fb35-47e9-977f-9033f8c36647"
"Cabernet Sauvignon Espagne";;"Rosé";0;0;"";"Espagne";"";"";"";"Bouteille";"";"";11,5;"";"";;;;;"";"27253578-0751-462e-8354-ec3695c0e63b";"";"1d5a98e6-4d5e-4169-8529-87d561a0f043";""
"Cahors Les Tonnelles de Fontaurais";2020;"Rouge";1;0;"";"France";"Sud-Ouest";"Cahors";"";"Bouteille";"";"";;"";"grand frais,";;;15;;"";"3cf9db53-8559-4528-9192-dc65a0bfff23";"";"c9857e40-d947-454a-a415-e955a763ff33";"078c4ce3-aff1-4964-b4d4-5c85cae4b0a4"
"Cahors Pierre Espirac";2019;"Rouge";0;0;"";"France";"Sud-Ouest";"Cahors";"";"Bouteille";"";"";13;"";"grand frais,2022,";;;4;;"";"e5f44803-b83c-4cbd-8e90-b72dd0648aa7";"";"b59cbb2b-59e5-4613-9556-a7ea2405b4d8";""
"Capelaniers";2022;"Rosé";0;0;"";"France";"Provence";"Bandol";"";"Bouteille";"";"2022";;"";"";;;;;"";"ae5da4b4-8340-4d40-a7c9-f2228378eb2d";"";"6eba9ae7-bafd-4a98-b06e-a25076034ae4";"1a77dfbb-d664-4ab3-88c9-4e53477a24a1"
"Cato Negro";;"Rouge";0;0;"";"Chili";"";"";"";"";"";"";;"";"";;;;;"Leclerc celine 6 juin 2020";"9263d2ca-082f-485f-ac3b-1991f24851dd";"";"84b31100-98f8-4301-8b8b-075c9c012f85";"6a90774e-5332-45bc-ad9a-eb654fe77a25"
"Cave de Cleebourg Alsace Sylvaner Sigillé Confrérie Saint-Etienne";2022;"Blanc";0;0;"Cave de Cleebourg";"France";"Alsace";"Alsace";"Sylvaner";"Bouteille";"";"";12,5;"";"";;8;12;;"";"81ba1f21-2613-4782-b747-922b10c3e5f9";"001411af-c475-48e7-99c2-fd7d788bced5";"5b3359a2-737f-493d-a1ec-60071dfa885b";""
"Cave Saint-Désirat Viognier";2020;"Blanc";0;0;"Cave Saint-Désirat";"France";"Vallée du Rhône";"Collines Rhodaniennes";"Viognier";"Bouteille";"";"";14,5;"";"";;10;;;"";"247a64d9-ebcd-4770-926c-6b4458518f40";"ded9a494-5a37-4cf3-86cf-be99ce15f661";"781eff07-4be3-4633-8a57-28959fee1141";""
"Cave Vinicole de Cleebourg Alsace Muscat";2019;"Liquoreux";0;0;"Cave de Cleebourg";"France";"Alsace";"Alsace";"Muscat blanc ŕ petits grains, Muscat Ottonel";"Bouteille";"";"";12,5;"";"";;8;;;"";"23da89d3-8bde-4d38-9d2e-64ea86480b37";"001411af-c475-48e7-99c2-fd7d788bced5";"ea9767cc-68c3-4170-849c-4085839f8b9c";""
"Cave Vinicole de Cleebourg Alsace Pinot Gris";2018;"Blanc";0;0;"Cave de Cleebourg";"France";"Alsace";"Alsace";"Pinot Gris";"Bouteille";"";"";13,5;"";"";;10;;;"";"650c4a78-e7a2-43ee-adda-8846b32253e7";"001411af-c475-48e7-99c2-fd7d788bced5";"40822499-8d09-473d-8607-725166fd2223";""
"Cave Vinicole de Cleebourg Alsace Pinot Gris Karchweg";2018;"Blanc";0;0;"Cave de Cleebourg";"France";"Alsace";"Alsace";"Pinot Gris";"Bouteille";"";"";13,5;"";"";;8;;;"";"ebb10e20-fddc-4e92-a9b5-8d91ab24c4c3";"001411af-c475-48e7-99c2-fd7d788bced5";"bfb9c441-c6a6-4c09-82b8-93f933c163bb";""
"Cave Vinicole de Cleebourg Alsace Pinot Noir Passion";2018;"Rouge";0;0;"Cave de Cleebourg";"France";"Alsace";"Alsace";"Pinot Noir";"Bouteille";"";"";14,5;"";"";;14;;;"";"a79b2b94-4c5e-4f78-802e-c91690bae052";"001411af-c475-48e7-99c2-fd7d788bced5";"0659f050-0e41-4306-a1b1-8d3813f587a4";""
"Cave Vinicole de Cleebourg Cave Historique Hospices de Strasbourg Alsace Pinot Gris";2020;"Blanc";0;0;"Cave de Cleebourg";"France";"Alsace";"Alsace";"Pinot Gris";"Bouteille";"";"";14;"";"";;10;;;"";"b3dbc13b-498d-4f5a-b7fb-63593fed2dea";"001411af-c475-48e7-99c2-fd7d788bced5";"1e714f47-d294-4fa9-9e78-5686c6b7a060";"fccda7bf-4ea9-4c73-bedd-00573de31e16"
"Cave Vinicole de Hunawihr Alsace Pinot Gris 7 Talents";2023;"Blanc";0;0;"Cave Vinicole de Hunawihr";"France";"Alsace";"Alsace";"Pinot Gris";"Bouteille";"";"";13,5;"";"";;10;8;;"";"5c2ab246-14c0-4c29-86cf-41e74973af38";"21baff02-bdf6-45dc-9687-9dac67c3ca0d";"0da7e29c-4096-407e-96b0-ebb2af677738";""
"Caze Blanque";2021;"Blanc";0;0;"";"France";"Languedoc-Roussillon";"Pays d'Oc";"Viognier";"Bouteille";"";"";;"";"";;;;;"";"895a8383-f05f-4c51-9525-2070dbe66fd1";"";"c2a4d51b-fdb4-4462-b679-4c25bc444509";"9a601fb8-0af4-41bc-9706-65501fcd20ca"
"Cent Pour Cent Chardonnay";2021;"Blanc";0;0;"Domaine du Peyra";"France";"Languedoc-Roussillon";"Pays d'Oc";"Chardonnay";"Bouteille";"";"";13;"";"";;10;7;;"";"a9120879-3ced-448d-81f4-6baa580d0c77";"581b8268-0c0c-4f7c-87e3-c257430b9e3e";"4f721e7a-b4ca-4510-95b0-553574fc0104";""
"Champagne Charles Ellner Rosé Brut";;"Effervescent";0;0;"Champagne Charles Ellner";"France";"Champagne";"Champagne";"50% Chardonnay, 50% Pinot Noir";"Bouteille";"";"";;"";"";;;;;"offer par francis et annick";"9aa9ac8c-e3bd-4d86-9178-263b2520abe2";"4d0faee2-9b02-42a6-ab14-ac3ab2452bc9";"35a04ebb-c1cb-4409-aa0f-83185c72efff";""
"Champagne Charles Lafitte Brut Orgueil de France";;"Effervescent";0;0;"Champagne Charles Lafitte";"France";"Champagne";"Champagne";"";"Bouteille";"";"Orgueil de France";;"";"";;9;;;"";"3d094b72-1657-44fb-ab3f-b4712e961407";"2858711f-55fc-44ab-a9c0-1b3cb7209d0d";"ed1459a4-8cd6-4afd-ab69-18be66dc1770";""
"Champagne Couillet Petit";;"Effervescent";0;0;"";"";"";"";"";"Bouteille";"";"";;"";"";;;;;"";"68e9e7d0-3325-4ca6-beb6-a9f9ea1999bf";"";"5d227592-2df6-4f7c-93e1-ebbda35032d5";"562daa9d-5159-4cdb-9085-f8ab6ff262fa"
"Champagne Feuillate";;"Effervescent";0;0;"";"";"";"";"";"Bouteille";"";"";;"";"";;;;;"";"4c834719-1aec-465a-942a-ccef96baa0d1";"";"336eb2ae-3402-4554-9a2f-03bc025a43ad";"5ecae0dc-4ee0-4a5c-84de-e79e2f7cd3c0"
"Champagne G.H. Mumm Brut Cordon Rouge";;"Effervescent";0;0;"G.H. Mumm et Cie";"France";"Champagne";"Champagne";"45% Pinot Noir, 30% Chardonnay, 25% Pinot Meunier";"Bouteille";"";"";12;"";"";;9;20;;"";"1c58bed4-e36b-4126-b587-8faeb4477f01";"e68b2c3f-c8cb-4b86-9c96-d5b13f1258b7";"42cce5d3-f14f-45e2-9209-ed9aca0b29aa";""
"Champagne Jacquart Brut Mosaďque";;"Effervescent";0;0;"Jacquart";"France";"Champagne";"Champagne";"40% Chardonnay, 35% Pinot Noir, 25% Pinot Meunier";"Bouteille";"";"";12,5;"";"";;10;;;"";"4152d11b-a941-4934-af6d-de34d49b5c3e";"f1d29dbd-5931-479f-abd4-2f49efc918dd";"c83581fd-dd9f-4055-8d72-53385bad4dd5";""
"Champagne Nicolas Feuillatte Brut Grande Réserve";;"Effervescent";0;0;"Champagne Nicolas Feuillatte";"France";"Champagne";"Champagne";"40% Pinot Meunier, 40% Pinot Noir, 20% Chardonnay";"Bouteille";"";"";12;"";"";;7;;;"";"47bcbdbe-1fbe-49f9-a2c8-1de663bf63c6";"1ea554af-9ff5-4072-87d0-25a76d5402e3";"2fed6984-d979-401a-85a7-3543102fbc82";""
"Champagne Tsarine Brut Millésimé";2018;"Effervescent";0;0;"Champagne Tsarine";"France";"Champagne";"Champagne";"45% Pinot Noir, 35% Chardonnay, 20% Pinot Meunier";"Bouteille";"";"";12;"";"";;9;;;"";"9e234b55-f986-49e1-b28c-4674bb6589c9";"5dae3894-ec82-4ef5-bb43-a7ba02b20c6a";"d1df7dc0-c538-4b94-bd88-eee8efeb011f";""
"Champagne Tsarine Cuvée Premium Brut";;"Effervescent";1;1;"Champagne Tsarine";"France";"Champagne";"Champagne";"34% Chardonnay, 33% Pinot Meunier, 33% Pinot Noir";"Bouteille";"";"";;"";"";;;;;"";"64c22108-4244-4a8b-a87e-f4c817965e23";"5dae3894-ec82-4ef5-bb43-a7ba02b20c6a";"e8b75a05-db6f-4f5f-9d77-fde647fc8933";""
"Champagne Tsarine Premier Cru";;"Effervescent";0;0;"Champagne Tsarine";"France";"Champagne";"Champagne";"65% Pinot Noir, 35% Chardonnay";"Bouteille";"1er Cru";"";;"";"";;;;;"";"f162ccba-e6b8-4f4e-b02e-b0d42bcb0f3b";"5dae3894-ec82-4ef5-bb43-a7ba02b20c6a";"2587ccbb-f322-4120-8c09-46efd5742c0a";""
"Chantarel";;"Rosé";0;0;"";"";"";"";"";"Bouteille";"";"";;"";"auchan,2022,";;;4;;"";"0a266a2e-e48b-48aa-96dd-42d4a03ae79e";"";"416743c5-e856-49bc-886f-987d89305e26";""
"Chantet Blanet Graves";2023;"Rouge";1;1;"Chantet Blanet";"France";"Bordeaux";"Graves";"Cabernet Franc, Cabernet Sauvignon, Merlot";"Bouteille";"";"";13,5;"";"";;17;8;;"";"db983863-d0d4-445b-ae5a-b21abc25dad9";"5529ef3c";"a4242119-82a0-4fa3-8132-674e2b759632";""
"Chantet Blanet Saint-Émilion";2001;"Rouge";1;1;"Chantet Blanet";"France";"Bordeaux";"Saint-Émilion";"";"Bouteille";"";"";;"";"";;;;;"";"504f85ac";"5529ef3c";"07e42874";""
"Chardo Haute Vallee De l'Aude";2023;"Blanc";0;0;"";"France";"Languedoc-Roussillon";"Aude";"";"Bouteille";"";"";;"";"";;;5;;"";"4233a8df-a726-4649-a9a6-5844ced40253";"";"2aedaa2d-e815-4772-95c2-789606f800c9";"6adf279c-4cc1-417c-8bed-831ad5ee08a3"
"Chardo Sieur d'Arques Limoux Chardonnay Toques & Clochers Haute-vallée";2021;"Blanc";0;0;"";"";"";"";"";"Bouteille";"";"";;"";"";;;8;;"";"15cae6e2-0766-469e-bc61-ff26252d4e01";"";"c3859da4-ac16-44b7-9d50-b7700dccf058";"a0c2ee90-2de5-4643-90c1-c79a58191582"
"Chardonnay Les Vignerons de Quissac";2022;"Blanc";0;0;"";"";"";"";"";"Bouteille";"";"";;"";"";;;;;"";"dd77e3c6-95c4-4d47-964d-57662914e39f";"";"194d1c94-a437-4c2d-8f15-6e00e6c11265";"9c1f20e2-c53d-484b-b17c-cb447348966e"
"Chateau Bel Air Graves De Vayres";2016;"Rouge";0;0;"";"";"";"";"";"Bouteille";"";"";;"";"";;;12;;"";"21b647c4-19ff-492c-a5a1-6540243c2dee";"";"94fe0bf1-f1e6-48f8-9529-86c899c4f3d0";""
"Chateau Chevron Villette";;"Rosé";0;0;"";"France";"Provence";"Côtes de Provence";"";"Bouteille";"";"";;"";"";;;4,5;;"";"cf13b5ae-549e-4227-ba9b-f951ed4e0d3a";"";"df28888a-9516-4739-8f17-bd07f6826cd8";"b2d688de-94d5-4834-9426-3b545216096a"
"Chateau De Boissac Bordeaux";2020;"Rouge";0;0;"";"France";"Bordeaux";"";"";"Bouteille";"";"";;"";"";;;5;;"";"df1813bc-45d2-4cf5-8155-2ff5b75e80fd";"";"a600d4d8-e4b5-4c7d-8d78-41bfcb1c075c";"8bfca983-09b5-441a-adbe-c11b0be838fd"
"Chateau hoclet";2022;"Rouge";1;1;"";"";"";"";"";"Bouteille";"";"";;"";"";;;4,6;;"";"790adab6-b687-4238-a6d1-382d6baf0542";"";"1bea710b-b593-445e-9fca-ea2f96653559";"9b0e6306-b2c9-49ae-9db9-97f1ef268607"
"Chateau L'esprit De Lavalette";2020;"Rouge";1;1;"";"France";"Bordeaux";"Saint-Émilion";"";"Bouteille";"";"";;"";"";;;13;;"";"b6d073d3-a474-4d3e-bf3b-14d6076feb58";"";"e1b607b3-a7c7-40d8-b219-8e0aa33dd7f5";"0a42f9c6-5330-4daf-8961-745cf2894b85"
"Chateau Majoureau Bordeaux Clairet";2023;"Rouge";2;2;"Delong";"France";"Bordeaux";"Bordeaux clairet";"";"Bouteille";"";"";;"";"";;;6;;"";"b1802eb7-0e93-4e54-a05a-5d4d3d3bff8f";"9fbb98fc-dd4e-4343-ae6b-12b852555239";"6f15dffd-7e29-4520-9f88-0cdfd3732907";""
"Chateau Majoureau Les Vignes Du Paradis";2022;"Rouge";1;1;"Delong";"France";"Bordeaux";"Bordeaux";"";"Bouteille";"";"";;"";"";;;13;;"";"d1fd6634-05db-41f3-bfdc-31be65f2fbe7";"9fbb98fc-dd4e-4343-ae6b-12b852555239";"ab0b0500-a41c-4c6e-8ca2-6042ec693642";"133844f0-e3e3-4a24-88ec-52fb8e967379"
"Chateau Roberperots Cubee Olivia";2020;"Rouge";1;1;"";"France";"Bordeaux";"Bordeaux Supérieur";"";"Bouteille";"";"";;"";"";;;7;;"";"d08b4ac7-f0da-4e4a-b941-0fcacba3ac79";"";"3d2fc6ce-ea6a-46be-8e7c-0092f0ddb0cc";"b832565d-f5ab-4356-aedd-9a6639f9daea"
"Cheval Quancard Cuvée Hortense Prestige";2019;"Blanc";0;0;"Cheval Quancard";"France";"Bordeaux";"Entre-deux-Mers";"Muscadelle, Sauvignon Blanc, Sémillon";"Bouteille";"";"";12,5;"";"";;8;;;"";"d2640e15-f2e9-4890-acd7-311f1935fb4e";"0769382f-797c-44fb-9a54-a72c73815b1d";"46431222-62ec-4bb4-8236-9d7cd58d2eb8";""
"Chinon La Closerie";;"";0;0;"";"France";"Vallée de la Loire";"Chinon";"";"Bouteille";"";"";;"";"";;;;;"";"58bb9c14-cbe3-4cd5-919c-533ec91eb086";"";"2adb95d7-ca88-49e9-9066-21e2e5a9448f";"c6f6f793-7049-4fa2-a836-d071ec191477"
"Château Bastian Réserve";2016;"Rouge";0;0;"Château Bastian";"France";"Bordeaux";"Bordeaux";"50% Merlot, 30% Cabernet Franc, 20% Cabernet Sauvignon";"Bouteille";"";"";13;"";"";;17;;;"";"2c90ee8d-370f-4926-b419-2fbc8b217e0f";"dc8644c8-3e6f-48fc-a350-e5ce9ad30880";"1a053a58-5d01-4d33-8de9-2a23fea2e884";""
"Château Bellevue Pineau des Charentes Blanc";2016;"Muté";2;2;"Château Bellevue";"France";"Sud-Ouest";"Pineau des Charentes";"Colombard, Ugni Blanc";"Bouteille";"";"";17;"";"";;8;;;"";"2a566892-9948-441b-a6d6-3f2b4d936906";"f7b29cf2-a4cd-4829-90dd-f4f5b4ea8466";"d999c312-ef44-471e-9449-ddb904e63dd2";""
"Château Bourdieu";2016;"Rouge";0;0;"Château Bourdieu";"France";"Bordeaux";"Côtes de Bordeaux Blaye";"80% Merlot, 20% Cabernet Sauvignon";"Bouteille";"";"";;"";"papa,anniv ludo,2021,";;;9;;"";"177de834-68c4-47f1-9276-f98c55e8d71d";"a256ec2a-3fa3-4304-8533-8341270c075e";"dde5e837-a0b1-458d-a4fa-f96fa44b4af3";""
"Château Calon-Ségur La Chapelle de Calon Saint-Estčphe";1998;"Rouge";1;1;"Château Calon-Ségur";"France";"Bordeaux";"Saint-Estčphe";"";"Bouteille";"";"";;"";"";;;;;"";"36acaa7a";"188b75af";"7ef12aa0";""
"Château Camplong Corbieres";2024;"Rouge";0;0;"";"France";"Languedoc-Roussillon";"Corbičres";"";"Bouteille";"";"";;"";"";;;9;;"";"fd8be288-9c86-47a1-a97b-f1ef4717ddd9";"";"b4aa1679-34a3-46d4-8a86-40d86667330e";""
"Château Chamaille";2021;"Rouge";1;1;"";"France";"Bordeaux";"";"";"Bouteille";"";"";;"";"";;;7;;"";"90e24e4c-99c7-4ae3-9c17-39f43b9934d4";"";"03cb5a94-0348-4ae5-b7fc-032b4145749b";""
"Château Chanteloiseau";;"Rouge";0;0;"Château Chanteloiseau";"France";"Bordeaux";"Graves";"Cabernet Franc, Cabernet Sauvignon, Merlot";"Bouteille";"";"";;"";"auchan,2022,";;16;;;"";"cf7aaa00-fb17-4953-9b6d-acefe4d60607";"d60e4f77-1803-49df-b23f-e4388e23009d";"015c354b-2afe-4052-950c-b9372de23ab0";"869e6318-83e9-480e-96a9-d59d371a193c"
"Château Courac Côtes du Rhône Villages Laudun Éole";2019;"Rouge";0;0;"Château Courac";"France";"Vallée du Rhône";"Côtes du Rhône Villages";"Grenache, Mourvčdre, Syrah";"Bouteille";"";"";14,5;"";"";;15;7;;"";"c37f4fa5-3d10-4ac1-8bd0-66b063cb9b96";"9f8a42bc-d92d-4a3e-bbc6-bce0458306ad";"a684679f-f2bd-4939-ab69-56f0a90dd979";""
"Château Courac Côtes du Rhône Villages Laudun Éole";2023;"Rouge";1;1;"Château Courac";"France";"Vallée du Rhône";"Côtes du Rhône Villages";"Grenache, Mourvčdre, Syrah";"Bouteille";"";"";15;"";"";;15;6;;"";"a2497c39-e041-47f9-b147-ebf8d18194ea";"9f8a42bc-d92d-4a3e-bbc6-bce0458306ad";"03fbf39f-b50b-45be-82dc-bc461b08a9c2";""
"Château Côtes de Bonde";2019;"Rouge";1;1;"Château Côtes de Bonde";"France";"Bordeaux";"Montagne-Saint-Émilion";"Cabernet Sauvignon, Merlot";"Bouteille";"";"";14;"";"";;16;14;;"";"845abedb-dbd1-44b3-8f72-bb8c0d70a127";"409fbd83-785a-4201-9b40-ce58f7e226bf";"bc035d43-35e9-4081-8166-3f5fec7ebaf6";""
"Château d'Artix Les Murailles";2018;"Rouge";0;0;"Domaine d'Artix ";"France";"Languedoc-Roussillon";"Minervois";"Carignan, Grenache, Syrah";"Bouteille";"";"";14,5;"";"";;17;7,5;;"";"588d5b40-8906-44e1-ab79-6a77d84232f1";"3507f6fa-0527-4ab7-be82-cebba49e4e63";"d9c8168d-aa16-4a6b-979a-aa4bd52c03c6";"17ef6abe-5a9e-4f83-8b49-2dfd1db56b1e"
"Château De Marsan";2021;"Rosé";1;1;"";"France";"Bordeaux";"Bordeaux clairet";"60% Merlot, 40% Cabernet Sauvignon";"Bouteille";"";"";13;"";"cora,foetz,2022,";;;;;"";"1e543a33-5584-4c2d-9732-0e44b1811e21";"";"33323a69-5f6a-41fd-a1e2-ec3fac408786";"e16fc8d1-5052-445b-89c9-b4d88af12cbf"
"Château de Saillans Cuvée S";2019;"Rouge";0;0;"Château de Saillans";"France";"Bordeaux";"Bordeaux";"Cabernet Franc, Cabernet Sauvignon, Merlot";"Bouteille";"";"";14;"";"";;12;5;;"";"263006de-31d4-45ed-89a1-ebe825df2da7";"c9fc256f-7ff6-4152-a88f-703ba61d4aba";"438de312-f4a9-4cb0-8db7-761ac2082ad0";""
"Château de Tigné Rosé d'Anjou";2022;"Rosé";0;0;"Château de Tigné Les Vins Gérard Depardieu";"France";"Vallée de la Loire";"Rosé d'Anjou";"70% Grolleau, 15% Grolleau gris, 15% Malbec";"Bouteille";"";"";11,5;"";"";;10;;;"";"c14bcd5d-f481-43c0-9f34-a7c3243c3695";"87d860cd-f839-4e88-86aa-3c60e3db5104";"dfc4e0cf-a9b6-42bb-9238-c9368b87d086";""
"Château du Bailly Monbazillac";1995;"Liquoreux";1;1;"Château du Bailly";"France";"Sud-Ouest";"Monbazillac";"";"Bouteille";"";"";;"";"";;;;;"";"7e1b6dbf";"e4092407";"862a8842";""
"Château du Vieux Puit";2015;"Rouge";0;0;"Château du Vieux Puit";"France";"Bordeaux";"Côtes de Bordeaux Blaye";"Cabernet Sauvignon, Malbec, Merlot, Petit Verdot";"Bouteille";"";"";;"";"";;;;;"";"7fafa333-8ce5-473e-a59b-9c75d8cf7fa9";"23d0cf7b-2c02-41bf-adb8-2844efcdd5c5";"ce17390a-6a05-479c-9837-f8994fb21ae1";"1c84a2a5-2c4d-4ec1-b902-cc239012470a"
"Château du Vieux Puit";2018;"Rouge";0;0;"Château du Vieux Puit";"France";"Bordeaux";"Côtes de Bordeaux Blaye";"Cabernet Sauvignon, Malbec, Merlot, Petit Verdot";"Bouteille";"";"";14;"";"cora,foetz,2022,";;16;;;"";"5484a9f3-7440-429b-b6e8-0942f0513045";"23d0cf7b-2c02-41bf-adb8-2844efcdd5c5";"db2f2e90-9f9c-4bd3-8de0-c76d8e3979d0";"78b17295-5b42-49c4-a3e8-446160292703"
"Château Edmond de la Fontaine Pinot Gris";2022;"Blanc";0;0;"Château Edmond de la Fontaine ";"Luxembourg";"Luxembourg";"Moselle Luxembourgeoise";"Pinot Gris";"Bouteille";"";"";12,5;"";"";;10;10;;"";"8c92e6e2-ec5e-48fa-91e8-5add386d6cbe";"7f68c12d-3e91-4dc6-bd0a-eeee4231a363";"22656e0b-4022-460f-9eb3-4a5b7117191a";""
"Château Grand Jour";2020;"Rouge";1;1;"Château Grand Jour";"France";"Bordeaux";"Bordeaux Supérieur";"";"Bouteille";"";"";14;"";"";;16;7;;"";"51210923-d112-47d4-b3f5-f05356fac8e0";"04699169-e481-4974-810e-118fe3e6c429";"96ed6b29-39f2-4a47-837d-98f5deb9fc03";""
"Château Jacques Noir Saint-Émilion";2015;"Rouge";0;0;"Château Jacques Noir";"France";"Bordeaux";"Saint-Émilion";"";"Bouteille";"";"";;"";"";;;;;"";"aff7f4d5";"98d4593a";"b9e50f16";""
"Château La Gasparde Côtes de Castillon";2007;"Rouge";0;0;"Château La Gasparde";"France";"";"";"";"Bouteille";"";"";;"";"";;;;;"";"facb7e02";"66db529c";"41a64fa4";""
"Château La Rougeante";2020;"Rouge";0;0;"Château La Rougeante";"France";"Languedoc-Roussillon";"Corbičres";"Carignan, Grenache, Mourvčdre, Syrah";"Bouteille";"";"";14,5;"";"";;16;;;"pas.bon , a tourné?";"295db87c-fd06-4fa5-8aeb-6769f04eddde";"850571c6-de29-4752-a26a-1d236edc1ed4";"1e7d76ec-f75b-4735-80cc-531b253169bf";""
"Château Le Roc";2022;"Rouge";0;0;"Château Le Roc";"France";"Bordeaux";"Bordeaux";"";"Bouteille";"";"";12;"";"";;16;7;;"";"43641bfc-c8de-4c52-9c0e-1c8d733e37c0";"86c337bf-ef29-4108-a239-8a49fe436b4c";"8faaf92a-1884-44d1-b0d6-3f4cf51bdc90";"97cf5cfc-fa2a-4ee6-a869-9dab19ea1aff"
"Château Lestage";2020;"Rouge";1;1;"Château Lestage";"France";"Bordeaux";"Montagne-Saint-Émilion";"Merlot";"Bouteille";"";"";14;"";"";;16;11;;"";"773701e8-14e0-4f9b-888c-44b3c1bfe359";"22444b20-d675-4bd7-a9e3-b3fcbf086b90";"d8575dc1-cd97-4493-8bf8-2ff87dcf3870";""
"Château Macquin Saint-Georges-Saint-Émilion";2015;"Rouge";0;0;"Château Macquin";"France";"Bordeaux";"Saint-Georges-Saint-Émilion";"";"Bouteille";"";"";;"";"";;;;;"";"4b9554ab";"320805ec";"82150a99";""
"Château Majoureau Hyppos Saint Macaire";2022;"Rouge";1;1;"Delong";"France";"Bordeaux";"Bordeaux";"";"Bouteille";"";"";;"";"";;;8;;"";"05dab5bc-cb08-4586-a7c1-c4ab95824bab";"9fbb98fc-dd4e-4343-ae6b-12b852555239";"415d82de-e585-400a-99ae-fb64ce6f1d15";""
"Château Mazails";2016;"Rouge";0;0;"Château Mazails";"France";"Bordeaux";"Médoc";"Cabernet Franc, Cabernet Sauvignon, Merlot";"Bouteille";"Cru Bourgeois";"";;"";"";;16;;;"";"a633c9ab-66d4-46d8-98ff-41a82c5066db";"5492e481-816a-4bb2-9de4-8350f3e9d350";"a489a700-9fa6-4831-9b77-f0ca56058719";""
"Château Merigot";2016;"Rouge";0;0;"Château Montfollet";"France";"Bordeaux";"Côtes de Bourg";"95% Merlot, 5% Malbec";"Bouteille";"";"";14,5;"";"";2019/2022;17;;;"";"a3914cd9-358a-4410-a409-dea79e0c007b";"4963dde1-4a66-48cc-99b9-1ddd99ee5329";"18064e89-2042-43dc-b17d-da59dc8514e1";""
"Château Merigot";2018;"Rouge";0;0;"Château Montfollet";"France";"Bordeaux";"Côtes de Bourg";"95% Merlot, 5% Malbec";"Bouteille";"";"";14,5;"";"papa,anniv ludo,2021,";;17;10;;"";"dcf5d5cb-459e-4db5-9d83-d478b781542b";"4963dde1-4a66-48cc-99b9-1ddd99ee5329";"b95bcaf2-700b-4aa8-bc66-b4f864eb5ff7";"53c7850f-104e-4163-b7ea-78d624ac823b"
"Château Moulin de Cabanieu";2018;"Rouge";0;0;"Château Moulin de Cabanieu";"France";"Bordeaux";"Médoc";"Cabernet Sauvignon, Merlot";"Bouteille";"";"";14,5;"";"";;16;6,5;;"";"5a8d9999-8759-4d02-b1aa-e2ccf07f642a";"42f05fd4-afb0-4632-8908-119a12908678";"1cd43cc5-51f8-4cef-9d7c-b255a6e6b8d1";""
"Château Pey La Tour Réserve Vieilles Vignes";2019;"Rouge";1;0;"Château Pey La Tour";"France";"Bordeaux";"Bordeaux Supérieur";"90% Merlot, 5% Cabernet Sauvignon, 3% Cabernet Franc, 2% Petit Verdot";"Bouteille";"";"";14,5;"";"";;16;;;"";"307cbe7e-1e99-4d35-b102-990cd2b337aa";"29419b29-1974-4c57-aa8e-1058387a3594";"bcef95aa-d057-49a1-8770-a6de9009d8c1";""
"Château Peyron Bouché";2019;"Rouge";0;0;"Domaine de la Grave";"France";"Bordeaux";"Graves";"";"Bouteille";"";"";13;"";"";;16;;;"";"7441a1b7-fcb1-4fd5-97d5-70a0f19615c7";"1d24ea56-2aee-4b2c-8c72-153bd556b710";"c4abd95a-c831-4253-9187-1d36866b6e27";""
"Château Peyron Bouché";2020;"Rouge";0;0;"Domaine de la Grave";"France";"Bordeaux";"Graves";"";"Bouteille";"";"";;"";"";;16;;;"";"fb2a51fa-ba98-4856-9029-d70ebfc28454";"1d24ea56-2aee-4b2c-8c72-153bd556b710";"c5c82ded-a8ae-48cc-b4ea-ab09c01115ac";"4bd47dd0-c0dc-4589-b2f9-804d40bf46f8"
"Château Pradeau Mazeau Bordeaux";1999;"Rouge";1;1;"Château Pradeau Mazeau";"France";"Bordeaux";"Bordeaux";"";"Bouteille";"";"";;"";"";;;;;"";"827fb118";"19adde97";"8a179b6c-19dc-4204-8c64-b405246a1bc5";""
"Château Reillanne Grande Réserve";2021;"Rosé";0;0;"Château Reillanne";"France";"Provence";"Côtes de Provence";"";"Bouteille";"";"";12,5;"";"";;8;;;"";"5531f162-57b7-471d-826c-50ee844004d1";"8efaddc9-97c8-4439-b7a4-5af6a669af52";"f5f9a7db-86d9-4d0e-b579-dbecfd0f5c2f";""
"Château Rigaud Vieilles Vignes";2020;"Rouge";0;0;"Domaines Taďx";"France";"Bordeaux";"Puisseguin-Saint-Émilion";"Cabernet Franc, Merlot";"Bouteille";"";"";14;"";"";;16;;;"";"d3ab3b34-2b64-401c-afec-1282b589e760";"c397ba51-6390-4e94-97dd-085c70cf57a9";"ba61c302-e602-4493-916c-25805f453968";""
"Château Tour De Cluchon - Graves";2020;"Rouge";0;0;"";"France";"Bordeaux";"Graves";"";"Bouteille";"";"";;"";"";;;8;;"";"3a0be18e-36d8-4e82-9f66-4d9119ffdd2d";"";"1325832e-33b8-49ce-aee6-983f05d3cc05";"9d92fc27-d520-4009-a11a-f0f900bee45c"
"Château Tour des Gendres Cuvée des Conti";2007;"Blanc";1;1;"Château Tour des Gendres";"France";"Sud-Ouest";"Bergerac sec";"";"Bouteille";"";"";;"";"";;;;;"";"d214f7eb";"bc0aa26f";"eed85f15";""
"Château Tournefeuille";2017;"Rouge";1;1;"Château Tournefeuille";"France";"Bordeaux";"Lalande-de-Pomerol";"Cabernet Franc, Merlot";"Bouteille";"";"";13,5;"";"paul,anniv ludo,2021,";;16;;;"";"eb172cf0-98ef-4217-a0bd-bd438c2c8090";"9fc9c2f5-ce6d-457e-a43c-5f58707a1c91";"1dee32bd-acc5-4022-afda-5ea19321a077";""
"Château Viella Tradition";2019;"Rouge";0;0;"Château Viella";"France";"Sud-Ouest";"Madiran";"60% Tannat, 40% Cabernet Franc";"Bouteille";"";"";14;"";"";;16;;;"";"b87a2211-f8b3-495d-b958-d0c011e33c68";"47084d77-39f4-43a2-bd81-da59def9a0f0";"5bc38e36-f9d4-4c8e-8f38-b8417c0f3258";"b310063f-a663-4174-a2de-3a4484b40cbc"
"Château Vieux Moulin";2015;"Rouge";0;0;"Château Vieux Moulin";"France";"Bordeaux";"Listrac-Médoc";"65% Merlot, 28% Cabernet Sauvignon, 7% Petit Verdot";"Bouteille";"Cru Bourgeois";"";13,5;"";"papa,anniv ludo,2021,";;16;14;;"";"8eb33615-b7ec-4561-89b7-c489d7bd89d9";"5ea27cc1-b5e3-4eda-aa24-b2ba06faffaa";"7b57b802-5571-4376-b904-203cf6bdd4dc";""
"Château Yveline";2019;"Rouge";0;0;"Château Yveline";"France";"Bordeaux";"Lalande-de-Pomerol";"Merlot";"Bouteille";"";"";15;"";"";;16;9;;"";"9864e589-4391-4d77-8b04-0f1a33166e76";"9a594c19-2a8c-4eb4-969e-ab628da2c2b8";"4f1a27d8-d506-453e-a0f8-dcbeb72f6e27";""
"Cidre Finis Terrae";;"";0;0;"Cidrerie De Rozavern";"France";"Presqu'île de Crozon";"";"";"Bouteille";"";"";;"";"";;;;;"";"e84197f7-09b1-42a2-a3fb-2ac432d70239";"fe6f5ba4-1234-480f-b94d-e49dbdb124d5";"2d17b3e3-04d3-45cd-9cdb-1a78705412dd";"c9811f41-ec1d-43a8-afd8-c03a173029c0"
"Cleebourg Auxerrois";2018;"Blanc";0;0;"";"France";"Alsace";"";"";"";"";"";;"";"";;;;;"";"7695cea4-8f38-4d75-a26e-74e834673c55";"";"493bcb1a-daf5-466e-a10d-b5cb4a721481";""
"Cleebourg Brandhof Pinot Gris";2018;"Blanc";0;0;"";"France";"Alsace";"";"";"";"";"";;"";"";;;11;;"";"8e056789-eabd-47c8-afb3-4b4c799a5357";"";"642f93c9-1906-4cd7-8243-7601f64846e2";""
"Cleebourg Cremant Rose";;"Effervescent";0;0;"";"France";"Alsace";"";"";"";"";"";;"";"";;;;;"";"939058da-c4fc-4f69-8c11-94d60da67740";"";"da6bf29f-6a0e-4a30-9b2d-cf71cd7ec7dd";""
"Cleebourg Keimberg";2019;"Blanc";0;0;"";"France";"Alsace";"";"";"";"";"";;"";"";;;;;"";"82f68f8b-5b63-4389-8165-b4b88c5f5ca6";"";"ce42ca90-07bc-447e-90ec-cddc28c858cb";""
"Cleebourg Pinot Noir Élevé En Barriques";2017;"Rouge";1;1;"";"France";"Alsace";"";"";"";"";"";;"";"";;;9;;"";"2ecf2467-492c-47b4-84c7-4401d4235a5b";"";"445e705f-f8d4-4d6a-af3d-fa19aa420773";""
"Clos Manou";2015;"Rouge";1;1;"Clos Manou";"France";"Bordeaux";"Médoc";"68% Cabernet Sauvignon, 23% Merlot, 8% Petit Verdot, 1% Cabernet Franc";"Bouteille";"";"";13,5;"";"";;16;;;"";"d556614c-a131-41d0-8285-86a7ce8be167";"6ae8e94a-07c9-4dab-8339-32613c422986";"37aacd28-d3ea-4ca3-9753-1b52054df954";""
"Cocktail Brut Lolea";;"";0;0;"";"";"";"";"";"";"";"";;"";"";;;;;"";"1e7fbd36-1452-4a7e-81ec-e8ad7fc5a6fb";"";"d2e088d7-9e1a-4abb-998d-ecc6eff852a6";""
"Concha Y Toro Casillero del Diablo Cabernet Sauvignon";2020;"Rouge";0;0;"Concha Y Toro";"Chili";"Central Valley";"";"Cabernet Sauvignon";"Bouteille";"";"";13,5;"";"";;16;8,5;;"";"1a8a76b0-dd35-4fdb-80a2-7ad85be8dd9a";"2a0ba2e7-3496-4d9f-8832-84c870a8d5a5";"16d9a6df-3e23-4db4-a6d4-10dcb20dc705";""
"Conscience";2021;"Rosé";0;0;"";"France";"Provence";"Côtes de Provence";"";"Bouteille";"";"";;"";"";;;;;"";"2b75420c-e6b9-465f-bb7d-8e81a2129105";"";"95f320fe-1b6a-4388-aba6-5d48c2560ad3";"673cdc09-9f61-4884-8729-26740af0d878"
"Conscience ";;"Rosé";0;0;"";"France";"Provence";"Côtes de Provence";"";"Bouteille";"";"";;"";"";;;;;"";"0c0ec70b-59d6-4935-8623-3cffcd026657";"";"8a12ef50-fa92-40b6-9ea7-a0e5870baf08";"c949c117-13b7-423d-af81-3298863ccb5c"
"Corbičres Via Nostrum";2022;"Rouge";0;0;"";"France";"Languedoc-Roussillon";"Corbičres";"";"Bouteille";"";"";;"";"";;;7,5;;"";"3526184a-dbda-47ac-8c48-074c2f7fb4bd";"";"749c197d-0d25-4308-a5ee-ff12febf9a8c";"b3d886ff-e15e-425a-9abd-3d968f596a73"
"Cos Du roy";2023;"Rouge";0;0;"";"France";"Bordeaux";"Bordeaux";"";"Bouteille";"";"";;"";"";;;;;"";"bafeab65-4f67-4aa0-9e87-b8a0e50b2cc7";"";"8870f708-a7b9-4357-a518-ece4aaf6104f";""
"Costeval";2020;"Rosé";0;0;"";"France";"Provence";"Coteaux d'Aix-en-Provence";"";"Bouteille";"";"";;"";"cora,foetz,2022,";;;;;"";"b9177b07-9cfb-4060-8f70-c4a5d7f5bb4d";"";"";"ce88fbe0-28fd-4dab-a3b9-d5717e3978f2"
"Cotes De Provence Domaine De L'allamande";2023;"Rosé";0;0;"";"France";"Provence";"Côtes de Provence";"";"Bouteille";"";"";;"";"";;;;;"";"9bd5eff4-16a1-4220-9468-83072c478321";"";"9ea1ac52-6c0c-4cee-9bd3-4307ec7d319c";""
"Cotes De Provence Sainte Victoire Pierre Chanau";2022;"Rosé";0;0;"";"France";"Provence";"Côtes de Provence";"";"Bouteille";"";"";;"";"";;;;;"";"ddc5f895-dfe2-4198-b5ff-2c03c7133bb6";"";"80805cfc-0988-49bb-81cb-7e2eab75e16c";""
"Cremant Alsace Confrérie Saint Etienne";2019;"Effervescent";1;1;"";"France";"Alsace";"Crémant d'Alsace";"";"Bouteille";"";"";;"";"";;;9;;"";"58dd9fdd-904b-4351-a219-2a87b54a7ba8";"";"27335bb7-647e-45ff-bfd9-46b923bee819";"94a54cfa-457c-4f64-8914-6b5c745ee2f8"
"Cremant De Bourgogne Moingeon";;"Rouge";0;0;"";"";"";"";"";"Bouteille";"";"";;"";"";;;;;"";"fcdbd4d4-f705-43e6-853c-1749ae6c1aa4";"";"e68391db-58db-4bda-9189-cc6cce54571c";"d7751b8f-bad4-47c4-95a6-515e67aacce9"
"Cru La Maqueline";2019;"Rouge";0;0;"";"France";"Bordeaux";"Bordeaux";"";"Bouteille";"";"";;"";"leclerc express,";;;;;"";"1bddfb6a-77db-48a3-aaf9-bef09ecd23c6";"";"162b09db-9fb3-46c4-bef3-67e7d60584a2";""
"Crémant 7 Talents Hunawihr";;"Effervescent";0;0;"Cave Vinicole de Hunawihr";"France";"Alsace";"";"";"Bouteille";"";"";;"";"";;;;;"";"d28ee24b-112b-4b04-a562-c683090c8610";"21baff02-bdf6-45dc-9687-9dac67c3ca0d";"7e1a45e7-3262-4f73-9e4f-b9c81cd75e38";"c8b0d311-8ec2-4939-9bea-c0b0b522ec0b"
"Cuvee Du Terminus";2014;"Blanc";0;0;"";"France";"Lorraine";"";"";"";"";"";11,5;"";"";;;;;"";"58159760-111b-42cb-b421-199cc40a3311";"";"235b9bd2-3eff-4991-8fcf-50d2ad5a728d";"755dc118-5900-443f-918b-f98e06a1c24d"
"Côtes De Provence Terres Ocrées";2020;"Rosé";0;0;"";"France";"Provence";"";"";"";"";"";;"";"";;;;;"";"6850b7e8-0d9b-4a9b-8f89-2b386cfd3353";"";"3a1f021c-a7f9-436e-be5b-f72df2a84523";""
"Demi Sec Ice Cleebourg";;"Effervescent";0;0;"";"France";"Alsace";"";"";"";"";"";;"";"";;;;;"";"cfe44fc4-bbbb-4890-bac7-208097ff0bf1";"";"0a200c7f-4515-45b3-9524-a0fe544f2abc";""
"Domaine Arnoux Pčre et Fils Savigny-lčs-Beaune Les Pimentiers";2017;"Rouge";0;0;"Domaine Arnoux Pčre et Fils";"France";"Bourgogne";"Savigny-lčs-Beaune";"Pinot Noir";"Bouteille";"";"";13;"";"";;11;24;;"";"d7304375-54c7-4abd-ae12-86a53b1ac774";"7b4837ab-d0a2-493e-b445-15a0ff299994";"55fd9ffb-bb1e-405d-96cf-123fa38baf40";""
"Domaine Chęne Mâcon la Roche Vineuse Blanc";2019;"Blanc";0;0;"Domaine Chęne";"France";"";"";"";"Bouteille";"";"";;"";"";;;;;"";"d0765496";"a9cd697d";"492fefb8";""
"Domaine de Fabrčgues Pays d'Oc Viognier";2023;"Blanc";0;0;"Domaine de Fabrčgues";"France";"Languedoc-Roussillon";"Pays d'Oc";"Viognier";"Bouteille";"";"";13;"";"";;10;;;"";"545f12e4-6b19-47f0-8590-00bda0f21c59";"8e5e6458-f4bb-4d22-a93a-baf6f00177c3";"d8db44b5-ef92-49b1-be8c-a4e25b1ca8f8";""
"Domaine De L'amour";2022;"Rosé";0;0;"";"France";"Provence";"Côtes de Provence";"";"Bouteille";"";"";;"";"";;;7,4;;"";"abf2a3a2-ecf9-4ecf-af74-acc9f2144390";"";"88d4d7f3-4dd1-48b0-a2ff-1eb40d300351";"d94efd8f-23f9-46cb-a1fa-b7cf8a8de3b1"
"Domaine de L'Argenteille Terrasses du Larzac Garric";2018;"Rouge";1;1;"Domaine de L'Argenteille";"France";"Languedoc-Roussillon";"Terrasses du Larzac";"50% Syrah, 30% Mourvčdre, 20% Grenache";"Bouteille";"";"";14;"";"";;14;11;;"";"e0178a47-34da-4897-b9ef-a05a3d9d1c8d";"e4ffa7c8-a256-491c-96d7-2746276bbf89";"6cd344d6-4c4f-4cff-831a-743a03ce0c05";""
"Domaine De La Tour Chardonnay Pays D'oc";2023;"Blanc";1;1;"";"France";"Languedoc-Roussillon";"Pays d'Oc";"";"Bouteille";"";"";;"";"";;;;;"";"80d3935d-be2c-4597-b6ad-ade130b2f12a";"";"c2ac963b-886e-40d4-a278-754e5371c5ff";"404e03ea-b51b-4fe5-979a-65c3b4e1074a"
"Domaine de Montine Grignan-les-Adhémar";2017;"Rouge";0;0;"Domaine de Montine";"France";"Vallée du Rhône";"Grignan-les-Adhémar";"Cinsault, Grenache, Syrah";"Bouteille";"";"";13,5;"";"";;;;;"";"18da8c60-1ce5-449d-a1f7-9322db640ff0";"a689fe08-c543-484c-a97f-23461685a2c8";"da005583-6395-4cc4-b922-b2f72d49f17f";""
"Domaine de Muzy Terre Amoureuse";2018;"Rosé";0;0;"Domaine de Muzy";"France";"Lorraine";"Côtes de Meuse";"Auxerrois, Gamay, Pinot Noir";"Bouteille";"";"";13;"";"";;;;;"";"1117a854-2579-4471-9ff9-dac87367aeaf";"c56c1dac-baff-45e8-a428-eb5bef96516b";"54ca7f66-d406-4882-baab-1e6d50f46318";""
"Domaine de Rousset les Coquelicots";2019;"Rosé";0;0;"Château de Rousset ";"France";"Provence";"Coteaux de Pierrevert";"Cabernet Sauvignon, Cinsault, Muscat Hamburg";"Bouteille";"";"";12;"";"";;;;;"";"58eb8753-fcc6-48bd-9735-e87af9028e72";"8b58ccc6-03a7-4d1f-b836-ec4b58c0e1a3";"72b797d1-66c1-487d-a215-dbe76d257a26";""
"Domaine de Tamary";2021;"Rosé";0;0;"Domaine de Tamary";"France";"Provence";"Côtes de Provence";"Cinsault, Grenache, Mourvčdre, Rolle, Syrah";"Bouteille";"";"";12,5;"";"cora,foetz,2022,";;8;;;"";"3fdde52b-ee24-4ac9-9365-5ea913932dc3";"81503df0-2a1e-4b94-af11-d60d08caa858";"97aeb133-e694-4b59-90ad-50d306ec43a5";""
"Domaine Du Grangeon Viognier";2024;"Blanc";1;1;"";"France";"Ardčche ";"";"Viognier";"Bouteille";"";"";;"";"";;;;;"";"159424b6-2a7f-43d3-b3c1-977c03dac869";"";"2430ee49-e400-466e-8b9f-acdaafa037a4";"b08f01ea-fdf1-42f4-9424-6000e5fa308a"
"Domaine du Tariquet Côté";2022;"Blanc";0;0;"Domaine du Tariquet";"France";"Sud-Ouest";"Côtes de Gascogne";"50% Chardonnay, 50% Sauvignon Blanc";"Bouteille";"";"";11;"";"";;10;;;"";"f639c07f-c71f-4682-8e9f-d226bacfd1fb";"87534069-928f-426d-828e-bd448bce6f8f";"40ffa039-af32-4e87-8468-2c3f0c696f1f";""
"Domaine du Tariquet Premičres Grives";2022;"Liquoreux";0;0;"Domaine du Tariquet";"France";"Sud-Ouest";"Côtes de Gascogne";"Gros Manseng";"Bouteille";"";"";11,5;"";"";;10;12;;"";"b9939ad3-6841-4fde-b47f-5eb81e5e4387";"87534069-928f-426d-828e-bd448bce6f8f";"dc746a67-dccb-4f81-b7ae-ed21be56e05c";""
"Domaine du Vieux Micocoulier Grignan-les-Adhémar Dominante Syrah";2020;"Rouge";0;0;"Domaine du Vieux Micocoulier";"France";"Vallée du Rhône";"Grignan-les-Adhémar";"Grenache, Syrah";"Bouteille";"";"";14,5;"";"";;15;;;"";"8f6e241a-9507-4d43-8350-7f5157892bb5";"bc6eef86-c718-43e1-bc08-ca05672b158e";"e2d3b42b-29b6-417a-bf2a-60410de2a727";""
"Domaine Grand Bécassier Côtes du Rhône Vieilles Vignes";2019;"Rouge";0;0;"Domaine du Grand Bécassier";"France";"Vallée du Rhône";"Côtes du Rhône";"Carignan, Grenache, Syrah";"Bouteille";"";"";13,5;"";"";;16;;;"";"29a2115f-16c3-439c-aca8-ebef12e8ccb9";"bc875e4e-e2f3-4270-bec4-02a07f907371";"8c10903d-0408-4d2a-8b27-0ee259744ba0";""
"Domaine Grand Bécassier Côtes du Rhône Vieilles Vignes";2021;"Rouge";1;1;"Domaine du Grand Bécassier";"France";"Vallée du Rhône";"Côtes du Rhône";"Carignan, Grenache, Syrah";"Bouteille";"";"";;"";"";;16;8;;"";"acf15700-4c90-4dc2-abe1-ab1fc40b2a04";"bc875e4e-e2f3-4270-bec4-02a07f907371";"6f0c6efb-8b2d-44ec-92e1-c77446337bdf";"f6bec6b0-023a-4ce6-a6cc-1a506d83ed7d"
"Domaine Horgelus Le Bal des Papillons";2022;"Liquoreux";0;0;"Domaine Horgelus ";"France";"Sud-Ouest";"Côtes de Gascogne";"Gros Manseng, Petit Manseng";"Bouteille";"";"";11;"";"";;10;9;;"";"e0fdfdf4-deb3-44f1-99a3-0e8c371efe47";"130d8c8b-5040-4adf-b0c9-0a5a2ee1e3ec";"ab3c64de-824a-44a3-963c-da60fa56cd4d";""
"Domaine Lalande Cité de Carcassonne Les Hauts de Lalande";2023;"Blanc";0;0;"Domaine Lalande";"France";"Languedoc-Roussillon";"Cité de Carcassonne";"50% Chardonnay, 30% Viognier, 20% Chasan";"Bouteille";"";"";13;"";"";;10;;;"";"c3854fda-3588-4c53-aa01-ea82669a78b0";"ba735eda-c148-4b46-8c40-5196d714944f";"0e840305-cf98-43d8-9d88-a10e93f3bcb1";""
"Domaine Maison Cheverny";2023;"Blanc";0;0;"Domaine Maison Pčre et Fils";"France";"Vallée de la Loire";"Cheverny";"Chardonnay, Sauvignon Blanc";"Bouteille";"";"";13,5;"";"";;10;;;"";"cb734ec3-334f-4747-9a8d-b15682917951";"7b427690-dee3-4cce-ba02-4a9fe2c6887b";"6335c188-8056-4d67-81f5-cff190909df6";""
"Domaine Matray Côte de Brouilly Les Terres Bleues";2021;"Rouge";0;0;"Domaine Matray";"France";"Beaujolais";"Côte de Brouilly";"Gamay";"Bouteille";"";"";13;"";"";;12;10;;"";"6252049b-5b15-4e6e-bf53-e74f1c411d5b";"0a000d8d-f2fd-4704-b83d-3369a5ca4052";"a4023c4f-0e2a-40ff-9c05-3cf223f4538b";""
"Domaine Maurice Lecestre Petit Chablis";2022;"Blanc";0;0;"Domaine Maurice Lecestre";"France";"Bourgogne";"Petit Chablis";"Chardonnay";"Bouteille";"";"";12,5;"";"";;9;14;;"";"1e30b946-67d5-41eb-9dbc-31fe7ebb95b2";"5f09fb89-debf-493c-bb2f-a91fe795cb6a";"06e5a3f8-4131-4142-bc94-baf87bfae24f";""
"Domaine Preignes Le Neuf Coteaux de Béziers Prestige";2023;"Rouge";1;1;"Domaine Preignes Le Neuf";"France";"Languedoc-Roussillon";"Coteaux de Béziers";"60% Merlot, 40% Cabernet Sauvignon";"Bouteille";"";"";12;"";"";;16;7;;"";"a73dc9bb-f63b-4bb9-9a5b-b4f3a21b83e2";"d5cc4136-d4d4-40f3-aff7-9fc7f7d42f9b";"0c71993f-9318-4f33-946c-8d76d6a6f352";""
"Domaine Preignes Le Vieux Coteaux de Béziers Réserve";2022;"Blanc";0;0;"Les Domaines Robert Vic";"France";"Languedoc-Roussillon";"Coteaux de Béziers";"Sauvignon Blanc, Vermentino, Viognier";"Bouteille";"";"";12,5;"";"";;8;10;;"";"ed0a2428-2d19-4979-b07a-716a39404097";"19c17d59-dd4c-414c-9857-6d28b47c6848";"d55fbceb-35d3-4d89-91ce-9070afe4d6eb";""
"Domaine Preignes Le Vieux Pays d'Oc Tradition Chardonnay";2022;"Blanc";0;0;"Les Domaines Robert Vic";"France";"Languedoc-Roussillon";"Pays d'Oc";"Chardonnay";"Bouteille";"";"";13,5;"";"";;8;10;;"";"d0b5d2cc-722f-497d-9736-28092e96cbf0";"19c17d59-dd4c-414c-9857-6d28b47c6848";"1d6329e7-6f98-47fa-9e94-fe27ae335967";""
"Domaine Richaud Côtes du Rhône Nouveau";2022;"Rouge";1;0;"Domaine Marcel Richaud ";"France";"Vallée du Rhône";"Côtes du Rhône";"Cinsault, Grenache, Syrah";"Bouteille";"";"";14;"";"";;14;;;"";"d521c455-b5b4-46df-8185-e524c6a3b6ac";"0007f35d-70c4-4edf-abda-9aff5635379b";"ee3afe0a-a98e-440e-bd66-c2f30e5f5c9c";""
"Domaine Richaud Côtes du Rhône Terre d'Aigles";2022;"Rouge";1;0;"Domaine Marcel Richaud ";"France";"Vallée du Rhône";"Côtes du Rhône";"65% Grenache, 15% Syrah, 10% Carignan, 10% Counoise";"Bouteille";"";"";14,5;"";"";;14;;;"";"585260ca-1ee4-4bd2-99af-5d1810ac7379";"0007f35d-70c4-4edf-abda-9aff5635379b";"49a52e53-29c3-4698-897a-2ee95c88a673";""
"Domaine Richaud Côtes du Rhône Terre de Galets";2022;"Rouge";1;0;"Domaine Marcel Richaud ";"France";"Vallée du Rhône";"Côtes du Rhône";"50% Grenache, 25% Carignan, 15% Mourvčdre, 10% Syrah";"Bouteille";"";"";14;"";"";;14;;;"";"42659312-18f0-4f70-955c-6f9114361c68";"0007f35d-70c4-4edf-abda-9aff5635379b";"88fb01be-2dab-4888-b4ed-917660916127";""
"Domaine Saint-Bénézet Viognier Sensation";2019;"Blanc";0;0;"Château Saint-Bénézet";"France";"Languedoc-Roussillon";"Pays d'Oc";"Grenache Blanc, Vermentino, Viognier";"Bouteille";"";"";13;"";"";;10;;;"";"f66b6a7e-dff0-456c-9516-e6374c3c1fcc";"8b27a40d-5c44-477b-ab12-0b58799c07ec";"a8968c18-1392-4a80-86e0-b8b1d697e95e";""
"Domaine Thomas-Labaille Sancerre L'Authentique";2017;"Rosé";0;0;"Domaine Claude et Florence Thomas Labaille";"France";"Vallée de la Loire";"Sancerre";"";"Bouteille";"";"";;"";"";;;;;"";"3f8374c5-4f06-4165-ad7c-e813921501ee";"59af7de1-ce8b-4fbd-82a8-52ee01b37570";"66a8b21c-3da4-4536-8fbe-53759d3653f5";""
"Domaines Vinsmoselle Moselle Luxembourgeoise Côte de Remich Pinot Gris";2022;"Blanc";0;0;"Domaines Vinsmoselle";"Luxembourg";"Luxembourg";"Moselle Luxembourgeoise";"Pinot Gris";"Bouteille";"";"";12,5;"";"";;10;10;;"";"e45cb1e6-0d07-4420-8607-d244fb944ff5";"2ef8bd08-2fae-4e84-a111-738ed5cc3d99";"7901fc6f-7da7-4bb7-8837-f2d184993769";""
"Dominique Raimond Reserve de Sauvignon Premičre Côtes de Blaye";2016;"Blanc";0;0;"Dominique Raimond";"France";"Bordeaux";"Premičres Côtes de Blaye";"";"Bouteille";"";"";;"";"";;;;;"";"da33fd4b";"b9c44463";"ad9d653b";""
"Dopff & Irion Alsace Pinot Gris Château de Riquewihr Les Marquisards";2021;"Blanc";0;0;"Dopff & Irion";"France";"Alsace";"Alsace";"Pinot Gris";"Bouteille";"";"";12,5;"";"";;10;16;;"";"a458e16a-9ad0-4f75-9078-675ae735b724";"11dea713";"3b3c19ae-c3bd-410a-8250-6e5bd034cd7d";""
"Dopff & Irion Alsace Pinot Gris Château de Riquewihr Les Marquisards";2022;"Blanc";1;1;"Dopff & Irion";"France";"Alsace";"Alsace";"Pinot Gris";"Bouteille";"";"";13;"";"";;10;;;"";"7e758c9a-a1c8-45e6-95c2-15627ca0de41";"11dea713";"a7f9b680-de24-46c2-934d-b2e4662989fc";""
"Dopff & Irion Les Maquisards Pinot Gris";2012;"Blanc";0;0;"Dopff & Irion";"France";"Alsace";"Alsace";"";"Bouteille";"";"";;"";"";;;;;"";"9a7e1e15";"11dea713";"5fd89dd9";""
"Dopff & Irion Les Tonnelles Pinot Noir";2010;"Rouge";0;0;"Dopff & Irion";"France";"Alsace";"Alsace";"";"Bouteille";"";"";;"";"";;;;;"";"efb64e06";"11dea713";"e4ea7d39";""
"Dopff Irion Alsace Pinot Noir Rosé";2017;"Rosé";0;0;"Dopff & Irion";"France";"Alsace";"Alsace";"Pinot Noir";"Bouteille";"";"";12,5;"";"";;8;;;"";"310eb7e8-4975-4af2-9a8c-09b65ea900c0";"11dea713";"43daf4c8-09c1-4bce-9573-1ef7b38433fb";""
"Dumnacus Anjou";2022;"Blanc";1;1;"";"France";"Vallée de la Loire";"Anjou";"";"Bouteille";"";"";;"";"";;;;;"";"d1c2a4d8-25cc-451d-8713-ed4d5afa498b";"";"e4d09046-e7c6-4b9f-bbd9-1b5ab4ccc40f";"d4d77bd6-1679-4b8c-ad20-40a0130c8de8"
"Dune Gris de Gris";2018;"Rosé";0;0;"Château l'Ermitage";"France";"Languedoc-Roussillon";"Sable de Camargue";"90% Grenache, 10% Carignan";"Bouteille";"";"";12,5;"";"";;;;;"";"20c7e98b-c8e2-4a65-8c43-ce7eb13700e6";"cd9b16e1-944a-4b40-a7c3-fb15b72e121f";"f4f96818-856a-4d7a-a933-6c818b73825a";""
"Duo ";2020;"Rosé";0;0;"";"France";"";"";"50% Grenache, 50% Cinsault";"Bouteille";"";"";;"";"";;;8;;"";"f4238ffe-986d-4024-880c-ba0b3fd7bbb2";"";"bcca8a5e-043a-4065-ad69-f4214f9a139f";"38b695cd-2ca0-4d35-8e33-652b505b0655"
"Emotion Collioure";2013;"Rouge";0;0;"";"France";"";"";"";"";"";"";;"";"";;;;;"";"5464851d-5dce-4b18-847a-39d57190842a";"";"6e94aaf8-37d9-46a6-af59-ce5eb7852c18";""
"Esprit  Coteaux D'aix En Provence";2021;"Rosé";0;0;"";"France";"Provence";"Coteaux d'Aix-en-Provence";"";"Bouteille";"";"";;"";"";;;;;"";"983fd23b-1297-40ee-a0af-9867eab4f71e";"";"1b454e64-7d89-473f-afdb-72372d5cecda";"4fdc6f52-8ff5-4c49-8c4a-494f98f203eb"
"Estandon Saint Louis De Provence";2021;"Rosé";0;0;"Estandon Vignerons ";"France";"Provence";"Coteaux varois en Provence";"Carignan, Cinsault, Grenache, Syrah";"Bouteille";"";"";;"";"";;6;;;"";"1f9b614c-d336-4aae-875f-2086459e07fa";"75d303a4-a0c9-46dd-b814-5b97d0dc4d1a";"e8c38a35-ad21-4152-8f9f-cf4b8c66a4a4";""
"Esterelle";2023;"Blanc";0;0;"";"France";"Provence";"Côtes de Provence";"";"Bouteille";"";"";;"";"";;;;;"";"f1eeb106-b8c0-4f8f-80e7-202e18459b12";"";"fdd2952a-03f0-4c5c-9d79-0eeca19afd1f";"811d70f3-848b-403d-9328-d03c0cb68757"
"Famille Hauller Alsace Pinot Noir Héritage Vieilles Vignes";2019;"Rouge";0;0;"Famille Hauller";"France";"Alsace";"Alsace";"Pinot Noir";"Bouteille";"";"";12,5;"";"";;8;;;"";"4bc8d878-68e3-4dba-88b8-5db4c1083238";"b9684ba3-9141-4b6b-b7e8-6197786920d4";"1e41fc65-4843-4ea9-940f-da54222b3277";""
"Finca el Recreo Tinto";2016;"Rouge";0;0;"Finca el Recreo";"Espagne";"Rioja";"Rioja";"";"Bouteille";"";"";;"";"";;;;;"";"3d94a8bc";"963669e6";"67a2391c";""
"Fort du Mirail";2020;"Rouge";0;0;"Fort du Mirail";"France";"Bordeaux";"Lalande-de-Pomerol";"Cabernet Franc, Cabernet Sauvignon, Malbec, Merlot, Petit Verdot";"Bouteille";"";"";14;"";"";;14;;;"";"027930f6-f648-44e3-a2bf-f0ab9d1595d0";"a418dcd7-9003-4702-bbd9-fc081bb4f0ee";"603a5f9b-1886-472a-ab5a-d92f244bb8d6";""
"Freixenet Rose";;"Rosé";0;0;"";"";"";"";"";"";"";"";;"";"";;;;;"fete des peres 2020, de la part de paul matus";"06dcd409-e3f8-4c81-83e6-8093f6f1e3c6";"";"f0643612-ecd4-4dce-bbbe-b374764d6844";"81a2ae3b-01ce-4bc6-99a7-50e6a774f283"
"Ghislain Kohut Fixin";2023;"Rouge";1;1;"Ghislain Kohut";"France";"Bourgogne";"Fixin";"Pinot Noir";"Bouteille";"";"";13,5;"";"";;13;30;;"";"d2f1a669-a997-4400-9a8c-2cfe01b469ab";"7f2e2af4-0179-49de-a1fa-b2ac4297ef01";"48f32613-10e4-42f5-a8bf-7921a210db0d";""
"Gigondas La Cave Beaumes de Venise Les Dentelles en Armoiries";2022;"Rouge";1;1;"Gigondas La Cave";"France";"Vallée du Rhône";"Beaumes de Venise";"Grenache, Mourvčdre, Syrah";"Bouteille";"";"";14;"";"";;16;9;;"";"358accc6-fe0e-43b8-9079-1678cb2f413b";"65f06829-c8d5-496a-9b16-0c24cba136c0";"587fc72b-48aa-4880-af06-2d75d6dd4f09";""
"Graman Duchesse de Graman Premičres Côtes de Bordeaux";2012;"Liquoreux";1;1;"Graman";"France";"Bordeaux";"Bordeaux";"";"Bouteille";"";"";;"";"";;;;;"";"bc82a374";"379059fd";"7cf7d3af";""
"Grand Becassier";2022;"Blanc";0;0;"";"France";"Vallée du Rhône";"Côtes du Rhône";"";"Bouteille";"";"";13,5;"";"";;;6,37;;"";"7a31985f-537d-4c41-b333-57af1fa5ae4e";"";"c88f1455-b31b-4ebd-b046-f9fe43b9dad7";"93104e9d-86f5-4340-8e1f-527da816ca84"
"Grenache Chevrotin";2022;"Blanc";0;0;"";"";"";"";"Grenache";"Bouteille";"";"";;"";"";;;;;"";"05494a5a-bd1a-437b-be69-b5a0e577368e";"";"1e7b7c61-64ca-4175-881f-04688cf786b7";"b4538a5c-1498-4ff5-ad31-1dc5476bd581"
"Grimaud Fleur De  Provence";2023;"Rosé";0;0;"";"France";"Provence";"";"";"Bouteille";"";"";;"";"";;;6;;"";"8829613a-ce44-4179-8bc9-b9279bfadd71";"";"d3b671ab-3f41-4170-b025-8a6f12c51ac8";"31b61d6d-39be-462c-99a7-ffe882fb49bf"
"Gris Listel";;"";0;0;"";"";"";"";"";"";"";"";;"";"";;;;;"";"6401b79a-e5a4-4be3-8f7f-d2f861317d94";"";"";"68a69bfc-edad-4f33-8635-5638bf16ca9b"
"Guardian Alma Cersius";2022;"Rouge";0;0;"";"";"";"";"";"Bouteille";"";"";;"";"";;;7,5;;"";"160c5c47-f117-4f59-865e-3ec8bf328f3b";"";"20e8cf00-e761-47a3-bcbf-0f72c2fa4ae3";"a9c2015a-55de-454c-bedd-a8284f9c04b5"
"Gérard Bertrand Autrement Cabernet Sauvignon";2019;"Rouge";0;0;"Gérard Bertrand";"France";"Languedoc-Roussillon";"Pays d'Oc";"Cabernet Sauvignon";"Bouteille";"";"";14;"";"";;15;;;"";"c8c729cb-999e-43a4-8527-f41ef4b175ca";"98f66118-b040-4ada-88e9-40f24595b62b";"6724f4a4-d8f4-4785-a655-b4eb92b23b09";""
"Haut-Médoc Château Lachesnaye";2014;"Rouge";0;0;"Château Lachesnaye";"France";"Bordeaux";"Haut-Médoc";"Cabernet Sauvignon, Merlot";"Bouteille";"Cru Bourgeois";"";13;"";"";;16;5;;"";"95c4b874-9242-4fc2-a46e-f821279c3f99";"67b26ecc-2a41-4ab6-afd5-3f8e076e3783";"c707a828-a521-416c-a947-5c1251160d40";""
"Henri Ehrhart Alsace Gewurztraminer Réserve Particuličre";2022;"Blanc";0;0;"Henri Ehrhart";"France";"Alsace";"Alsace";"Gewurztraminer";"Bouteille";"";"";14;"";"";;8;6;;"";"988db654-a7f0-4a5b-a609-a5efa8196e7c";"e294e633-bf57-4817-aaf2-04be5e573107";"a7ca9c36-6444-4696-a1f7-3b915115dff8";""
"Henri Ehrhart Alsace Gewurztraminer Réserve Particuličre";2023;"Liquoreux";0;0;"Henri Ehrhart";"France";"Alsace";"Alsace";"Gewurztraminer";"Bouteille";"";"";14;"";"";;8;9;;"";"b9622bae-0ff5-4fbb-a8ea-6356fe32e1e5";"e294e633-bf57-4817-aaf2-04be5e573107";"345ac30e-6593-4fa4-a2ba-41ce53471fe8";""
"Henri Ehrhart Alsace Pinot Gris Réserve Particuličre";2023;"Blanc";0;0;"Henri Ehrhart";"France";"Alsace";"Alsace";"Pinot Gris";"Bouteille";"";"";12,5;"";"";;8;;;"";"a030b488-f34f-4e0c-89e6-1e98b5382e3f";"e294e633-bf57-4817-aaf2-04be5e573107";"b5b5e99e-57a8-41de-84e6-bf903eaf6cc8";""
"Henri Molinet Juliénas Cru Du Beaujolais";2006;"Rouge";0;0;"";"France";"Beaujolais";"Beaujolais";"";"Bouteille";"";"";;"";"";;;;;"";"013dbdaa";"";"c9cdf33f";""
"Hilha";2021;"Rosé";0;0;"";"";"";"";"";"Bouteille";"";"";;"";"";;;;;"";"fea3c516-5529-4c0a-be25-06c682a3bf57";"";"1c02b456-3947-440c-87f9-805a38c50de0";"7f725d1d-222f-47ca-9831-a02cc8f1c205"
"Hospices Strasbourg Cleebourg Pinot Blanc";2019;"Blanc";0;0;"Bliemerose";"France";"Alsace";"Alsace";"";"Bouteille";"";"";;"";"";;;;;"";"7ac0cc93-04e2-44bc-87ee-7b26ee390561";"74b2ec5b-20af-4e54-88b1-7dddf3300fa6";"687a061a-2977-4487-97b2-5404280a1a1d";"4e56d1b8-143c-48f1-9ca1-f978985c9738"
"Héritage De Carillan";;"Blanc";0;0;"";"";"";"";"";"Bouteille";"";"";;"";"";;;;;"";"098ca69d-8902-42c8-ac7d-67d7ef5193b3";"";"32256441-19be-4607-9a7f-9e3e4137c3c2";"63d61bc9-ccc5-4f7f-9f8b-344abee347e2"
"Intuition Cotes Du Rhone";2024;"Blanc";1;0;"";"France";"Vallée du Rhône";"Côtes du Rhône";"";"Bouteille";"";"";;"";"";;;6;;"";"45989cf8-5651-4906-9942-f08e79fbd941";"";"7bd2a2e5-01d9-41e2-9a40-4166c9b9b4d7";"651f40e7-4b67-4e05-8135-85ccf79b0ba8"
"Jean Bernard Cuvée Jean Bernard";2015;"Rouge";0;0;"Jean Bernard";"France";"Bourgogne";"Nuits-Saint-Georges";"";"Bouteille";"";"";;"";"";;;;;"";"b2e24631";"c6f06e15";"c4b708a4";""
"Jean des Valanges Chardonnay";2023;"Blanc";0;0;"Jean des Valanges";"France";"Vin de France";"";"Chardonnay";"Bouteille";"";"";12;"";"";;9;;;"";"380fee5f-e002-450b-a16f-2a41c59679e7";"017bb989-0cbd-4d7d-a634-c05967d03d86";"f3aebfba-6b38-480b-aab9-73b69bd0ca72";""
"Joseph Fritz Ottrott Rouge";2017;"Rouge";0;0;"Joseph Fritz";"France";"Alsace";"Alsace";"";"Bouteille";"";"";;"";"";;;;;"";"5d74cb8e";"328cc915";"52b698d5";""
"Joseph Mellot La Grande Cuvée Des Edvins Pouilly-Fumé";2007;"Blanc";0;0;"Joseph Mellot";"France";"Vallée de la Loire";"Pouilly-Fumé";"";"Bouteille";"";"";;"";"";;;;;"";"f495cbff";"ca1e759a";"409d606d";""
"JP. Chenet Original Grenache-Cinsault";2022;"Rosé";0;0;"JP. Chenet ";"France";"Languedoc-Roussillon";"Pays d'Oc";"Cinsault, Grenache";"Bouteille";"";"";12,5;"";"";;8;3,4;;"";"b1cf0516-b47a-4658-afdf-9e8cb4263e60";"68f4d0fc-897c-44ac-b10f-52e00a21d8d2";"0bbe16b8-43d9-4fcf-8511-0ed46f78542e";""
"Kalliste";;"Rosé";0;0;"";"";"";"";"";"Bouteille";"";"";;"";"";;;;;"";"e694f6fd-08e3-4a28-96ce-13e81033f918";"";"31acb9f0-cd56-43b0-a40b-7e7e381e71f3";"737acb60-5c68-46cd-85b8-2758c246b9ef"
"Kanonkop Kadette Cape Blend";2016;"Rouge";0;0;"";"";"";"";"";"Bouteille";"";"";;"";"";;;;;"";"d3f1ad2d-91c0-48ab-870a-cda71d19f2ea";"";"3ca66be1-5714-4919-bd8a-729baf1e7c47";"9e25d719-9366-44cf-9d32-baa88e9a83ff"
"L'Attire Bouchon Bourgueil";2019;"Rouge";0;0;"";"France";"Vallée de la Loire";"Bourgueil";"";"Bouteille";"";"";;"";"celine,2022,grand frais,";;;;;"";"b41ce8f0-b913-4eac-8bda-e500363b4ef8";"";"64dc521f-a47d-464f-bfd1-db1c433d9e05";""
"L'orme de Rauzan Gassies";2019;"Rouge";0;0;"";"France";"Bordeaux";"Haut-Médoc";"";"Bouteille";"";"";;"";"";;;20;;"";"cf9da3ba-e5c6-40b6-b35c-338cf47b56d8";"";"126961fe-83c2-4b8f-bcc8-f922617f2aff";"a25f0375-e24a-49e5-bb94-532dc590afca"
"La Ballerine";2018;"Rouge";0;0;"";"";"";"";"Merlot";"Bouteille";"";"";;"";"";;;5;;"";"d1724a32-b1f3-44e5-ba0e-78dff51b4762";"";"ca5dc706-31c1-4c3c-a0be-e05f8f358bdd";"10d22697-545c-45b6-9f8c-41834aa586f4"
"La Cheteau Cremant De Loire";;"Effervescent";0;0;"";"";"";"";"";"Bouteille";"";"";;"";"";;;;;"";"7aad181e-066c-4b23-b644-e026c6f1e9c2";"";"4b7bdc73-5402-40bb-962f-478c6954ba50";"5b93b59d-5441-4d8f-b552-4c93865b3fa9"
"La Croix de Pez";2017;"Rouge";1;1;"La Croix de Pez";"France";"Bordeaux";"Saint-Estčphe";"60% Merlot, 35% Cabernet Sauvignon, 5% Cabernet Franc";"Bouteille";"";"";12,5;"";"papa,anniv ludo,2021,";;16;22;;"";"b331b369-f30b-4646-886f-4a7657f45e4b";"041a24d2-0184-497f-86df-2f5483212880";"914155e0-8462-48cf-b95e-5d14fe01d10a";"55b76ad6-3933-4f8e-a8d3-7472d3c3e12a"
"La Gariotte Des Batuts";2020;"Rouge";0;0;"";"France";"Sud-Ouest";"Cahors";"";"Bouteille";"";"";;"";"leclerc express,";;;;;"";"d5c679a7-73cc-4a71-9043-adfca59e35a5";"";"ea107957-d55e-490a-896a-f3e69a31e008";""
"La Javeline";2019;"Blanc";0;0;"";"France";"Vallée de la Loire";"Touraine";"";"Bouteille";"";"";;"";"celine,2022,grand frais,";;;;;"";"4f528981-9e14-4c03-bad2-c70ec02f0474";"";"e66017ea-1509-439c-9f9c-9e8224f287f2";""
"La part Des Biches";2023;"Rouge";1;1;"";"France";"Sud-Ouest";"Cahors";"Malbec, Cahors";"Bouteille";"";"";;"";"";;;;;"";"a9e58130-9b47-4a02-9f11-a38fb5a17e83";"";"839b7dca-3cbb-4b6b-b205-c71f87e2fbed";"055577be-57e2-4889-9445-21b6761b009f"
"La Perriere De Giraud";2022;"Rosé";0;0;"";"France";"Vallée du Rhône";"Ventoux";"";"Bouteille";"";"";;"";"";;;5;;"";"4d05bbc4-7c0e-4796-a35a-064d3608e2e0";"";"0e00ca74-fe08-4d21-81c8-f2a6328de4ca";"843ec793-5375-4422-be79-df36358abb8e"
"La Serra Montepulciano";2022;"Rouge";0;0;"";"Italie";"Abruzzo";"Montepulciano d'Abruzzo";"";"Bouteille";"";"";;"";"";;;9;;"";"cdf44722-8d99-49bd-8ec9-0524088e28d6";"";"545cb0cc-3e99-4f7b-ae2f-dc073d1092f9";"f7d38e01-e5c8-4e36-94eb-5d7ba4a79317"
"Lacheteau Crémant de Loire Brut";;"Effervescent";0;0;"Lacheteau";"France";"Vallée de la Loire";"Crémant de Loire";"60% Chenin Blanc, 20% Cabernet Franc, 20% Chardonnay";"Bouteille";"";"";13;"";"";;6;;;"";"f4c653d2-d25e-48a0-8519-d2d30eb26d5b";"e77442bb-0f7e-4ff6-a4fe-80a46bff1b40";"d02ddc57-683e-4183-aa1c-913db1e1cd9e";""
"Lambrusco Emilia Amabile";;"Rouge";0;0;"";"Italie";"";"";"";"";"";"";8;"";"";;;5;;"";"84954de1-d966-4c14-b99f-383d7f639fbe";"";"b9514734-a89e-4c71-9943-25643b844949";""
"Le Carillon de Rouget";2015;"Rouge";0;0;"Château Rouget";"France";"Bordeaux";"Pomerol";"Cabernet Franc, Merlot";"Bouteille";"";"";;"";"";;;29;;"anniv ludo 2020 de Paul";"a8558c3d-e2a8-4e29-89c7-9fffcd10bc48";"1a6f758c-c45f-4211-b3e6-fbb0e8544866";"49f558bb-40d0-44df-b189-86e12e617836";"3a7e52e1-1570-46e0-a3fd-e80dffc0d031"
"Le Cotes Le Rouët";;"Rouge";0;0;"";"";"";"";"";"Bouteille";"";"";;"";"";;;;;"";"6478f879-c5fc-4e2a-a394-0d7ee5559e8d";"";"ddaf3e10-7b27-4571-a33f-5f833549bd56";"4101c62c-92ed-4850-a40f-7f020be7e6b2"
"Le Graal Chateau De La Castille";;"Rosé";0;0;"";"";"";"";"";"Bouteille";"";"";;"";"";;;;;"";"a08a68fb-66ec-4275-abaa-d2029a284a12";"";"92bf0723-ba6d-4596-8476-c09d706fbdc3";"ea43e511-7e46-477e-95ef-d1d43ad44347"
"Le Malbec de Cahors Par Johan Vidal";2019;"Rouge";0;0;"Château La Reyne";"France";"Sud-Ouest";"Cahors";"Malbec";"Bouteille";"";"";13;"";"";;18;7;;"";"39410a68-80b8-4bd6-91f1-e5190a527f4b";"84190004-7fd8-4b40-a9a5-920fb9859f7a";"7e1512c9-9c6d-4585-9613-4655e3458473";"3e8b7190-7a5e-4af5-ab61-8e325dee8eda"
"Le Rosé de Mouton Cadet";2011;"Rosé";1;1;"Baron Philippe de Rothschild";"France";"Bordeaux";"Bordeaux";"53% Merlot, 27% Cabernet Sauvignon, 20% Cabernet Franc";"Bouteille";"";"";12,5;"";"";;8;;;"";"058680d3-42b3-4dc6-8359-ecfd4d43b8c4";"bc812e98-1b8d-4bf8-85eb-ef7608850c7e";"2db9a567-d459-49f0-8173-992516ac67b5";""
"Le Rosé de Mouton Cadet";2014;"Rosé";0;0;"Baron Philippe de Rothschild";"France";"Bordeaux";"Bordeaux";"53% Merlot, 27% Cabernet Sauvignon, 20% Cabernet Franc";"Bouteille";"";"";12,5;"";"";;8;;;"";"d6525ed7-3d5c-4777-8697-6e4d4ff1b8ce";"bc812e98-1b8d-4bf8-85eb-ef7608850c7e";"f1b0108d-d1d8-48df-aecb-3d6358eb1d44";""
"Le Rouet Le Cotes";2022;"Rosé";0;0;"";"France";"Provence";"Côtes de Provence";"";"Bouteille";"";"";;"";"";;;10;;"";"08ee9429-3a42-4a52-8696-55edd743799d";"";"79d6a7f4-6213-4946-a251-6cd705dd1872";"af5a742f-5acb-4c04-bfd0-d0da54018dd0"
"Le Talmondais";2023;"Rouge";0;0;"Le Talmondais";"France";"Sud-Ouest";"Charentais";"40% Cabernet Sauvignon, 40% Merlot, 20% Pinot Noir";"Bouteille";"";"";13;"";"";;16;;;"";"9dba77bc-4fed-4dff-9d71-39861018fbfd";"565ee12d-d528-4b2a-ac6e-da8cad9a5ce7";"8d11a4a0-8944-4dcc-a232-4c09f10790da";""
"Le Talmondais";2021;"Rouge";0;0;"Le Talmondais";"France";"Sud-Ouest";"Charentais";"40% Cabernet Sauvignon, 40% Merlot, 20% Pinot Noir";"Bouteille";"";"";12,5;"";"";;16;;;"";"3c343e6d-7418-488f-9145-93e686e99ce3";"565ee12d-d528-4b2a-ac6e-da8cad9a5ce7";"04846892-0c7b-4172-a631-e1968d71dea8";""
"Le Tertre de Sarpe Saint-Émilion";2013;"Rouge";0;0;"Le Tertre de Sarpe";"France";"Bordeaux";"Saint-Émilion";"";"Bouteille";"";"";;"";"";;;;;"";"8a581956";"57f3c50e";"b597d09c";""
"Les Bleumes";2023;"Rosé";1;1;"";"France";"Languedoc-Roussillon";"Pays d'Oc";"";"Bouteille";"";"";;"";"";;;5;;"";"06a65451-e986-468f-ab85-81347b0f6261";"";"55b51ff7-6060-49cc-ba16-a1422f01c0fd";"5d400c97-7f0f-4648-ba0f-216188fa58fc"
"Les Ormes de Cambras Chardonnay";2022;"Blanc";0;0;"Les Ormes de Cambras";"France";"Languedoc-Roussillon";"Pays d'Oc";"Chardonnay";"Bouteille";"";"";12,5;"";"";;10;3,59;;"";"60e532b9-aed4-47a3-9b73-3dff0be04fb4";"846490cf-54aa-4a5a-ac1f-aab8ca3de84b";"aeb3cc79-b92c-44fa-81e2-639e2c86f4ba";""
"Les Potins";2024;"Rouge";0;0;"";"France";"Sud-Ouest";"Gaillac";"";"Bouteille";"";"";;"";"";;;8;;"";"010e8974-1668-4c0a-b50b-de82dfdf766a";"";"aa71b6d3-fb1f-4400-a41d-62c3883d3de8";"73bc4568-008d-403e-ae16-0741a851626f"
"Les Thérons Faďsse Du Loup";2022;"Rosé";0;0;"";"France";"Languedoc-Roussillon";"Pays d'Oc";"";"Bouteille";"";"";;"";"";;;6;;"";"d54687d3-6dc7-4582-bb16-d091197cb505";"";"4d720224-40a8-49e2-b47b-79f62aee4410";"1cc35386-9f1f-4af2-92c1-a2277945711d"
"Les Thérons Pays d'Oc Faďsse du Loup";2021;"Rosé";0;0;"Domaine Les Thérons ";"France";"Languedoc-Roussillon";"Pays d'Oc";"Cinsault, Grenache";"Bouteille";"";"";12,5;"";"";;8;;;"";"c18fa2e9-315d-466b-bb27-aacf2257954b";"1dd7f29b-0b72-4962-b50f-4be1496fef1c";"a657ba85-6ea0-43a9-b6de-a79789a62dbd";"8f3cbaa2-2f55-4604-8258-f7b3add37f73"
"Les Vignerons de Tavel & Lirac Tavel Acantalys";2023;"Rosé";0;0;"Les Vignerons de Tavel & Lirac";"France";"Vallée du Rhône";"Tavel";"Bourboulenc, Carignan, Cinsault, Clairette, Grenache, Mourvčdre, Piquepoul Gris, Syrah";"Bouteille";"";"";13,5;"";"";;12;8;;"";"ecb49b88-a51e-40d0-a697-38dc91266690";"1f824541-bafa-459a-811f-a8ab3c197a5b";"25792dcf-d04f-48fc-8923-e118a3bcfc52";""
"Les Vignobles Foncalieu Prestige";2019;"Rouge";0;0;"Les Vignobles Foncalieu";"France";"Languedoc-Roussillon";"Fitou";"Carignan, Grenache, Syrah";"Bouteille";"";"";14;"";"";;15;;;"";"a70be0fb-7f3d-4cba-b6bc-39c43efc6150";"3446b487-4a60-45fe-ba29-6d9a088ee579";"066d5ebd-d878-4e31-8332-f394f0594289";""
"Les Vins du Littoral Muscat Sec";2017;"Blanc";0;0;"Les Vins du Littoral";"France";"Languedoc-Roussillon";"Pays d'Oc";"";"Bouteille";"";"";;"";"";;;;;"";"61141e66";"5cd83c6f";"66cf25de";""
"Lionel Osmin & Cie Villa Chambre d'Amour";2021;"Blanc";0;0;"Lionel Osmin & Cie";"France";"Vin de France";"";"Gros Manseng, Sauvignon Blanc";"Bouteille";"";"";10,5;"";"";;10;14;;"";"35e2b12d-5bde-403b-8a9e-aa612ce94ded";"014a91b5-4daa-4462-abca-ccf6c1c29e50";"b8cc6fee-608a-4c53-9529-75b3f80ca0b9";"68ef5eb5-b55c-4ec2-9a64-b208c54c0cb1"
"Macon Ige Saint Germain";2021;"Rouge";0;0;"";"France";"Bourgogne";"Mâcon";"";"Bouteille";"";"";;"";"grand frais,";;;;;"";"da35548b-ca06-42ce-8271-414c098928be";"";"f90d4145-d874-46ed-aafb-a5dfb9b882fc";"77fbc130-ff1c-41f9-8bff-bd744a5ad632"
"Maison Bianca";2021;"Rosé";0;0;"";"France";"Corse";"";"";"Bouteille";"";"";;"";"";;;;;"";"3b60380b-abf1-4a9e-9b44-ed545ef2d26a";"";"737d9a14-9ff6-44da-88f6-14abbdd8de56";"b0dc75b9-99f7-4693-b174-0cba6148dd71"
"Maison Bianca";2022;"Rouge";0;0;"";"";"";"";"";"Bouteille";"";"";;"";"";;;6;;"";"8218f783-7979-462b-8d47-ee3ebd5fc193";"";"b36cba30-8c8b-49ab-ba82-d2a23e1ba4e8";"d2e8007b-a1b8-4152-af3f-cfc754281ebb"
"Maison Bouey Chateau Brandeau Bordeaux Supérieur";2016;"Rouge";0;0;"Maison Bouey";"France";"Bordeaux";"Bordeaux Supérieur";"";"Bouteille";"";"";;"";"";;;;;"";"0e5c2bd0";"26b09993";"08f00404";""
"Maison Pettermann Alsace Riesling Cuvée Particuličre";2024;"Blanc";0;0;"Maison Pettermann";"France";"Alsace";"Alsace";"Riesling";"Bouteille";"";"";12,5;"";"";;8;;;"";"f84127e8-4fb0-4d96-85f5-e5871acea57d";"d23bf273-7d43-497c-8608-1ffbed4b1630";"d0b92429-b903-4797-a152-c95e557b9ea3";""
"Maison Viallet Vin de Savoie Apremont";2022;"Blanc";0;0;"Maison Philippe Viallet";"France";"Savoie";"Vin de Savoie";"Jacqučre";"Bouteille";"";"";11,5;"";"";;8;;;"";"91f183cb-01b1-418c-a08b-1b83eee44cbb";"7bc8841e-0c06-4641-a7ae-c5d932d68a50";"3398f207-b6e8-4394-b413-896b58456bbb";""
"Margaux Marquis de Mons";2016;"Rouge";1;1;"Château La Tour de Mons";"France";"Bordeaux";"Margaux";"Cabernet Sauvignon, Merlot, Petit Verdot";"Bouteille";"";"";;"";"papa anniv ludo 2021,";;16;20;;"";"e3eb7d95-17cc-4b64-bf85-91ce0167954d";"0bd0edd2-466c-44a4-a707-851124c1ce0f";"9db2138b-994c-465a-9b71-98890b650d28";""
"Marqués de Cáceres Crianza";2016;"Rouge";0;0;"Marqués de Cáceres";"Espagne";"Rioja";"Rioja";"90% Tempranillo, Graciano, Grenache";"Bouteille";"";"";;"";"";;16;;;"";"a628294f-c4cf-4ffc-afec-f1549fa9acd5";"b1a33f60-eaf8-4244-bf1d-98edc0a3f309";"9d5b7abc-2201-476a-976c-6f7225277b18";""
"Marsuret Brut Prosecco Treviso";;"Effervescent";0;0;"Marsuret";"Italie";"Veneto";"Prosecco";"Glera";"Bouteille";"";"";11,5;"";"";;10;;;"";"5d7a6159-834e-4437-a90c-21d21bc91c35";"6ce05958-d339-4b0e-af66-94dba973b893";"08acf4fb-1782-4843-9a9c-cd6612bb4f02";""
"Massif D'Uchaux";2021;"Rouge";1;1;"";"France";"Vallée du Rhône";"Côtes du Rhône Villages";"";"Bouteille";"";"";;"";"";;;8;;"";"1dd64cff-9c6d-446d-aa79-8a6fbd5b9f50";"";"3d5d9d31-fc40-4244-b7a8-5748058b7625";""
"Mateus Portugal Rosé";;"Rosé";0;0;"";"Portugal";"";"";"";"";"";"";;"";"";;;;;"";"024eed65-f291-477b-a2b3-62ca13c3e37e";"";"cf157d11-d2e0-4982-ac26-f017ab80ef9e";"5309d8ce-8096-4595-9417-cfbd46ea17be"
"Medoc Maureilhan";2019;"Rouge";0;0;"";"France";"Bordeaux";"Médoc";"";"Bouteille";"";"";;"";"noel,2021,Virgile,";;;;;"";"36af58dc-1dd2-4171-9011-c007e11d0479";"";"f2738f6e-5e77-4251-96fe-58e8040a33bb";""
"Moscato Dezzani";;"Rouge";1;1;"";"";"";"";"";"Bouteille";"";"";;"";"";;;7;;"";"db2d1ccd-826b-48df-9c11-d5dbcd30c215";"";"7deb55ea-19f4-443e-81aa-c4680f2dae84";"bc27f109-2af1-43ed-a350-cc8597483f49"
"Mouton Cadet Baron Philippe de Rothschild";2012;"Rouge";0;0;"Mouton Cadet";"France";"Bordeaux";"Bordeaux";"";"Bouteille";"";"";;"";"";;;;;"";"ac8867ce";"a7f47a9e";"ad7b848b";""
"Mouton Cadet La Bergerie";2022;"Rouge";1;1;"Baron Philippe de Rothschild";"France";"Bordeaux";"Bordeaux";"Cabernet Franc, Cabernet Sauvignon, Merlot";"Bouteille";"";"";14,5;"";"";;16;15;;"";"d6ec3872-4c3b-4be1-a8bf-74c979196281";"bc812e98-1b8d-4bf8-85eb-ef7608850c7e";"661f658c-25e5-472c-bb38-d139a50ca4b4";""
"Mouton Cadet Réserve Sauternes";2008;"Liquoreux";1;1;"Mouton Cadet";"France";"Bordeaux";"Sauternes";"";"Bouteille";"";"";;"";"";;;;;"";"f839e83d";"a7f47a9e";"6e6ff257";""
"Mr Chardo";2023;"Blanc";0;0;"";"France";"Vallée de la Loire";"";"Chardonnay";"Bouteille";"";"";;"";"";;;4,5;;"";"f891c470-0266-46ff-9d77-e36c322f7d49";"";"1bf68b00-7c52-4ccd-90bd-084c9df4a117";"1c91766f-1a64-4c01-b35d-8c4237a29e03"
"Mythique Languedoc";2022;"Rosé";0;0;"";"France";"Languedoc-Roussillon";"Languedoc";"";"Bouteille";"";"";;"";"";;;;;"";"737cf15d-6d1d-4081-9a1c-2f4793e70abe";"";"d0a9eccc-b1fc-47c9-891e-4a8489d724ca";"e34917ce-9541-4a9f-b848-68ea208dba69"
"Méditerranée Les Coteaux Du Rhone";2020;"Rosé";0;0;"";"France";"Vallée du Rhône";"Côtes du Rhône";"";"Bouteille";"";"";;"";"";;;;;"";"98b1bb2d-1ebb-425f-a6c9-dfe249901e1d";"";"5f83586b-f341-41f7-b780-3e914e07aa9b";""
"Nero D'avola Le Morre";;"Rouge";0;0;"";"Italie";"Sicilia";"";"Nero d'Avola";"Bouteille";"";"";;"";"";;;8;;"";"a6d7b8ae-f847-4791-9487-471a554f244d";"";"368fece4-b52d-41d1-8497-7e7a672993e9";"1f362dd9-0940-438d-9ab6-62e6199e116d"
"Nero D'avola Piantaferro";2022;"Rouge";0;0;"";"Italie";"Sicilia";"Avola";"";"Bouteille";"";"";;"";"";;;;;"";"fc78d061-4692-471c-87dc-1956cd947e01";"";"605483db-8406-4506-9ddb-bce33718011f";"77d4a2d0-adfc-4250-982a-1e298937d4fd"
"Nicolas Potel Corton-Charlemagne Grand Cru";2008;"Blanc";0;0;"Nicolas Potel";"France";"";"";"";"Bouteille";"";"";;"";"";;;;;"";"1bc54f19";"86217c7e";"1ad0ecdd";""
"Oeuf Bleu";2021;"Blanc";0;0;"";"France";"Sud-Ouest";"";"Viognier, Roussanne";"Bouteille";"";"";;"";"";;;;;"";"8ed1aab6-90c1-473a-8c08-07f0aa1f9322";"";"1be79dbc-b507-47f8-8d23-405ddccf225b";"48c216f9-85bf-4329-9097-0a802cff685a"
"Pascal Bouchard Petit Chablis Blancs Cailloux";2023;"Blanc";0;0;"Domaine Pascal Bouchard";"France";"Bourgogne";"Petit Chablis";"Chardonnay";"Bouteille";"";"";12,5;"";"";;9;14;;"";"0e8dc93e-43af-42c9-8532-82701f931e64";"093d1c91-85c6-438b-af55-3a0995a5addb";"86acbad1-a16e-43b7-a63c-b217f962727d";""
"Patrimonio Mulinu Biancu";2022;"Rouge";1;1;"";"France";"Corse";"Patrimonio";"10% Grenache, 90% Nielluccio";"Bouteille";"";"";;"";"";;;9,5;;"";"6056be7f-f4be-4f24-b0e5-fe2131858b66";"";"69847d28-a878-4338-beec-6483be83156a";"d28f3961-b5ad-4b40-8a81-bc5e42d79a29"
"Perle des évęques Dietrich Girardot";;"Blanc";0;0;"";"";"";"";"";"";"";"";;"";"";;;;;"";"77a2d165-0118-4e9e-a8e9-73ba70863c7c";"";"9748eb9d-65ef-4d81-8f43-7d1faa17c983";"a76b422e-8f3e-4e90-b31a-ff7df5446256"
"Pfaffenheim Pinot Blanc Grande Réserve";2022;"Blanc";0;0;"";"";"";"";"";"Bouteille";"";"";;"";"";;;;;"";"f782f3df-3835-4e1d-bc5d-95cf3cd7c253";"";"97239321-ebf5-477b-a085-cf6ae0b7ca35";""
"Pierre Chanau Beaujolais Village Vieilles Vignes";2023;"Rouge";0;0;"";"France";"Beaujolais";"Beaujolais Villages";"";"Bouteille";"";"";;"";"";;;6;;"";"6e21704e-1904-44e0-9528-4555b320fffb";"";"206cb227-94d2-48b6-9c28-f8f0e7026bbe";""
"Pierre Chanau Cabernet d'Anjou";2019;"Rosé";0;0;"Pierre Chanau";"France";"Vallée de la Loire";"Cabernet d'Anjou";"Cabernet Franc";"Bouteille";"";"";11,5;"";"";;8;;;"";"4fc861bc-1b92-4855-8163-19930a4a87e4";"ca59de9a-c398-4e5a-b11f-4208a697532d";"e9278b19-c1fa-4461-bae6-ba7830a6dd99";""
"Pierre Chanau Rosé d'Anjou";2022;"Rosé";0;0;"Pierre Chanau";"France";"Vallée de la Loire";"Rosé d'Anjou";"Gamay, Grolleau";"Bouteille";"";"";11;"";"";;7;;;"";"1f7a40c8-2c87-45de-8048-239399fdff07";"ca59de9a-c398-4e5a-b11f-4208a697532d";"d4504bd1-94b3-4574-9292-3663874e3896";""
"Pierre Chanaud Alsace Pinot Blanc";2023;"Blanc";0;0;"";"France";"Alsace";"Alsace";"Pinot Blanc";"Bouteille";"";"";;"";"";;;5;;"";"99b5facb-39fe-4051-a53b-2d530a8cfb83";"";"98ec0663-5e2d-4900-bb3c-f906315cf233";"47c02b24-5bf1-44be-9576-dd68802f6596"
"Pineau Bernard Jacob";;"Autre";1;1;"";"France";"Sud-Ouest";"Pineau des Charentes";"";"Bouteille";"";"";;"";"";;;8;;"";"9d144d62-de38-4e49-a5c5-7fdfbeac8bac";"";"d3edd767-cd1c-411f-8d1e-5b4727fbcf95";""
"Pinot Gris 7 Talents";2021;"Blanc";0;0;"Cave Vinicole de Hunawihr";"France";"Alsace";"Alsace";"Pinot Gris";"Bouteille";"";"";14;"";"2022,auchan,";;8;5;;"";"34a9b6ac-31dc-417f-9e74-4f0985ba2ad1";"21baff02-bdf6-45dc-9687-9dac67c3ca0d";"3795354d-0dad-4e23-97f9-81127d5ee199";"1cfa1967-dd57-4053-b09e-f2431439a511"
"Pinot Gris 7 Talents";2023;"Blanc";0;0;"Cave Vinicole de Hunawihr";"France";"Alsace";"Alsace";"Pinot Gris";"Bouteille";"";"";;"";"";;8;;;"";"a176eba6-090a-4b2c-a182-2eeddde2653f";"21baff02-bdf6-45dc-9687-9dac67c3ca0d";"92c694b3-bc1e-4c4b-a175-ed223554e793";"389d4efb-8fe6-4de7-8ae8-3b04b2c052b2"
"Pinot Gris Domaine Sommy (Fey Moselle)";2021;"Blanc";0;0;"";"France";"Moselle";"";"Pinot Gris";"Bouteille";"";"";;"";"";;;;;"";"3bff7e19-9af1-4b4b-a8c0-117fc2731bf2";"";"d9ced16c-bb86-4ca6-9612-247f843bf0b5";"458cfe63-10ca-493a-a1ae-99d3b33eddb0"
"Pinot Gris Les Maquisards Louis Irion Riquewihr";2022;"Blanc";0;0;"";"France";"Alsace";"Alsace";"Pinot Gris";"Bouteille";"";"";;"";"";;;;;"";"5f68eaeb-9d73-4109-800a-36626ce64e8a";"";"84616191-6f10-4a63-bbb4-e60c0a7176ae";""
"Pinot Gris Ollwiller Joseph Scheer";2015;"Blanc";0;0;"";"France";"Alsace";"";"";"";"";"";;"";"";;;;;"";"f95a036f-0955-4728-bb5e-6952cfe7e48e";"";"4d027529-07e6-4a5a-8c13-49a8357b0bd7";""
"Pinot Noir Confrérie Saint Etienne";2019;"Rouge";1;1;"";"France";"Alsace";"";"Pinot Noir";"Bouteille";"";"";;"";"";;;12;;"";"57ff5dec-6583-4626-a1b8-b99c4d0a5bfe";"";"76067370-1a99-4897-ac6b-4a1d6515880f";"33c40281-77aa-4f84-925d-4008b29bc408"
"Pinot Noir Dietrich Girardot";2015;"Rouge";0;0;"";"";"";"";"";"Bouteille";"";"";;"";"";;;;;"";"62374f04-49f0-49c5-8435-9105bf47cda1";"";"49eef91a-78f1-40a4-b6f3-faf746d41fb8";"9deef19a-1153-4228-9e52-3dfbb2ff0387"
"Pitchouline";2022;"Rouge";0;0;"";"France";"Vallée du Rhône";"Côtes du Rhône";"";"Bouteille";"";"";;"";"";;;7;;"";"1b866b4f-e355-43ab-8e39-7758c43f7601";"";"5af72688-6e40-4f5c-b716-d46aece6fcc0";"80863b79-9ce1-4dd2-bf69-523802ecd5c9"
"Pitchouline";2022;"Rouge";1;1;"";"France";"Vallée du Rhône";"Côtes du Rhône";"";"Bouteille";"";"";;"";"";;;;;"";"31aa5abb-874f-4811-a65b-0daa86958157";"";"ef1ed317-9037-4a09-9a5b-e1c53558979a";""
"Pomerol Château Grand Moulinet";2019;"Rouge";0;0;"";"France";"Bordeaux";"Pomerol";"";"Bouteille";"";"";;"";"Pâques,2022,paul,";;;28;;"";"78f3d956-b268-4862-8c9f-71ae9dd0ab96";"";"32c77c14-58e6-4a72-91b6-021abe6efcba";""
"Prieur Barsanne Côtes du Roussillon";2019;"Rouge";0;0;"Prieur Barsanne";"France";"Languedoc-Roussillon";"Côtes du Roussillon";"";"Bouteille";"";"";;"";"";;16;;;"";"ad8863e4-a29b-4048-aadc-8e34504f86ff";"ffdd7e3f-64c4-4118-a6b9-d8fa0c36517e";"5ed6bced-2ba5-4597-868b-fe260c341bbc";""
"Prieur Barsanne Languedoc";2022;"Rosé";0;0;"Prieur Barsanne";"France";"Languedoc-Roussillon";"Languedoc";"";"Bouteille";"";"";13;"";"";;10;2,99;;"";"e344b519-0dff-46d4-9cb8-bfbda7ac7fde";"ffdd7e3f-64c4-4118-a6b9-d8fa0c36517e";"02e2942a-f450-407c-a0c9-a847cac8bfc4";""
"Prosecco Monetto";;"Effervescent";1;1;"";"Italie";"Friuli-Venezia Giulia";"Prosecco";"Prosecco";"Bouteille";"";"";11;"";"";;;;;"";"88714b4a-4ebb-4179-99e6-21a4930fba57";"";"199f13b6-df15-4b8c-8194-b61fd0511195";"02c07738-f0b9-4b14-a266-8e7eb83016c5"
"ravasqueira";2020;"Rouge";0;0;"";"Portugal";"";"";"";"Bouteille";"";"";;"";"";;;;;"";"ba7324d6-5cf1-4682-aa00-29f9569ff119";"";"e34b42da-92d0-4195-99d3-6f2ac921efff";"0b4a8490-91fa-4e43-ad9e-85ea9f0172a3"
"Rhonéa Ventoux Passe Colline";;"Rouge";0;0;"";"";"";"";"";"";"";"";;"";"";;;;;"Leclerc celine 6 juin 2020";"69b90cf9-0e55-4562-9964-5e49256f0f1a";"";"0709e839-afce-4102-8a8a-55c878f1000a";"3c5d5ec7-b90a-4d88-897c-db1b5701d8f0"
"Rhubarbe";;"Effervescent";1;1;"";"France";"";"";"";"Bouteille";"";"";;"";"";;;;;"";"3be5230e-1280-4f7d-9624-053c1db37086";"";"";"3564498d-42a5-4bcc-a4d5-e3995afb31a0"
"Riccadonna Prosecco Extra Dry";;"Effervescent";1;1;"Bersano & Riccadonna S.p.A.";"Italie";"Veneto";"Prosecco";"Prosecco";"Bouteille";"";"";11;"";"";;6;;;"";"8ee783d9-bd91-4493-b12e-f08aab9f9320";"c2f7dfac-4b7c-4f51-92e7-70907fc0a48f";"efd4c573-3ec7-4092-8acc-2f1191762064";""
"Richebon Pauillac ";2016;"Rouge";1;1;"";"France";"Bordeaux";"Pauillac";"";"Bouteille";"";"";;"";"papa anniv ludo 2021,";;;20;;"";"b7d45eab-4007-4ae2-9a90-df00de72324a";"";"";"57732d1c-5596-4bc5-95da-8d47495eb555"
"Rieutort";2013;"Blanc";1;1;"";"France";"Sud-Ouest";"Côtes de Gascogne";"";"Bouteille";"";"";;"";"";;;16;;"";"372677af-a669-4055-8b83-f3c60dcc8290";"";"d695b42f-efbb-4042-ae8a-0e491c4d0281";"40ab8420-c90e-432e-858f-5da5e52f56c8"
"Rieutort Gros Manseng";2014;"Blanc";0;0;"Rieutort";"France";"Sud-Ouest";"Côtes de Gascogne";"";"Bouteille";"";"";;"";"";;;;;"";"96b61a90";"64f24403";"7dce6c89";""
"Ričre Cadčne Via Augusta";2021;"Blanc";0;0;"Domaine Ričre Cadčne";"France";"Languedoc-Roussillon";"Côtes du Roussillon";"Grenache, Syrah";"Bouteille";"";"";13,5;"";"";;16;12;;"";"27c1aeea-585b-472a-b86c-3535dfd0cd94";"82cdf635-36fe-431a-8dff-d4bb52f79687";"a55f735f-1fa2-4023-b884-fb4840bb4ff9";"3de9f667-b82a-4422-95c1-38a6d370645e"
"Roche Mazet Les Accords Chardonnay & Viognier";2021;"Blanc";0;0;"Roche Mazet ";"France";"Languedoc-Roussillon";"Pays d'Oc";"Chardonnay, Viognier";"Bouteille";"";"";12,5;"";"";;10;3,52;;"";"98671534-e28b-40c4-8fb9-b6f8ae82ca15";"0b8b77ac-a08a-4bab-8acc-9ca58ddc2447";"a8658100-29fe-4418-9df1-c10968105103";""
"Roche Mazet Pays d'Oc Les Accords Chardonnay & Viognier";2022;"Blanc";0;0;"Roche Mazet ";"France";"Languedoc-Roussillon";"Pays d'Oc";"Chardonnay, Viognier";"Bouteille";"";"";12,5;"";"";;10;7;;"";"ec17a0c9-f2ef-440c-afd8-6c608fe4ae0b";"0b8b77ac-a08a-4bab-8acc-9ca58ddc2447";"e4435557-6a2f-4efd-87b0-eaae46d8eebc";""
"Rokh Des Meduli";2021;"Rouge";0;0;"";"France";"Bordeaux";"Médoc";"";"Bouteille";"";"";;"";"";;;7;;"";"64bfb52c-3714-4db8-b810-20205820af67";"";"f2c6dbd1-624b-4f8a-8682-a77c2c766c32";""
"Romain Duvernay Beaumes de Venise";2021;"Rouge";0;0;"Romain Duvernay";"France";"Vallée du Rhône";"Beaumes de Venise";"75% Grenache, 20% Syrah, 5% Mourvčdre";"Bouteille";"";"";14,5;"";"";;16;;;"";"6e730f82-ed30-4fa3-9862-2f4aed0653fa";"f29c0fe0-ee60-49aa-9c27-537c1df595aa";"eadc40fe-8ba4-47f7-9bea-9f9a8aec735b";""
"Romain Duvernay Costičres De Nîmes";2020;"Rouge";0;0;"";"France";"Vallée du Rhône";"Costičres de Nîmes";"";"Bouteille";"";"";;"";"cora,foetz,2022,";;;;;"";"5ee8ff8c-1f22-4f10-908e-f4c941fcaa20";"";"";"a7f9fcd4-4a68-4c65-8136-57a4b427e984"
"Roques Mauriac";2018;"Rouge";0;0;"";"France";"Bordeaux";"Bordeaux";"";"Bouteille";"";"";;"";"leclerc express";;;;;"";"d41679fe-3858-457b-9886-f6366681e775";"";"abbc3700-7e27-46ef-aad6-d9fc8c3d750d";""
"Rosato Trevenezie";2023;"Rosé";0;0;"";"Italie";"";"";"";"Bouteille";"";"";;"";"";;;2;;"";"bf1489ce-bdb4-4359-b566-75b6b287faf0";"";"94532095-3371-458c-b3a4-79e0bd035b03";""
"Rose D'alsace Maison Petterman";2022;"Rosé";0;0;"";"France";"Alsace";"";"";"Bouteille";"";"";;"";"";;;;;"";"500c181a-9259-4645-bd7f-042084c53d1c";"";"6421d09d-ba38-435d-8a55-df2914d5fcec";"04f32c0d-3915-40d8-895c-1ef42d8c9205"
"Rosé Casal Garcia";2022;"Rosé";0;0;"";"Portugal";"";"";"";"Bouteille";"";"";;"";"cora,foetz,2022,";;;7;;"";"8f6451d1-d89c-4074-833e-c23b74e74901";"";"";"a1323754-8593-4a5f-b7eb-087d9448b7c9"
"Rosé Des Plages";2022;"Rosé";0;0;"";"";"";"";"";"Bouteille";"";"";;"";"";;;;;"";"32f11ba2-4cca-40b4-9e01-a63cb16ae902";"";"40c56298-809e-46ed-b749-fb6976db5f10";"a10963d1-d120-40eb-af19-9df786e8cb76"
"Rosé Méditerranée";2023;"Rosé";0;0;"";"France";"Provence";"";"Grenache, Syrah";"Bouteille";"";"";;"";"";;;;;"";"3df6685d-b302-4c4f-8d49-13c1a950f454";"";"be717d16-e123-4ae5-b6f6-cdc65d611ec3";""
"Rouffiac";2019;"Rosé";0;0;"";"";"";"";"";"Bouteille";"";"";;"";"";;;;;"";"6b792a83-9478-4416-a22a-377439d9c502";"";"d107f5f5-af92-4c82-9ddd-a2ab3c40d42d";"9bb8611d-6133-4cd3-ae95-02e9da6b35bd"
"Saint Croix Ventoux";2019;"Rosé";0;0;"";"";"";"";"";"Bouteille";"";"";;"";"";;;;;"Leclerc celine 6 juin 2020";"42089edf-7492-44ad-b4d2-6306b35f2674";"";"a1a53afe-4849-43eb-a866-5b8ae1710312";"a9151c30-6750-4f8a-abb0-05aab73b4f02"
"Saint Veran Coeur De Silex";2020;"Blanc";0;0;"";"France";"Bourgogne";"Saint-Véran";"";"Bouteille";"";"";;"";"celine,2022,grand frais,";;;;;"";"5136497b-db51-4321-be60-4400b5affb36";"";"fe51cb51-f0b0-469a-8809-27af9398ea28";""
"Saint Veran Les Cras";2021;"Blanc";1;1;"";"France";"Bourgogne";"Saint-Véran";"";"Bouteille";"";"";;"";"";;;20;;"";"36a069c0-178e-4ae9-b48a-98bd6a06c46b";"";"687ee940-037e-4af6-8af5-d7ae5c9b734a";"c330a77b-b24b-478c-b6ec-2d69e7f91b01"
"Saint Émilion Grand Cru - Château Vieux Larmande";2018;"Rouge";0;0;"Château Vieux Larmande";"France";"Bordeaux";"Saint-Émilion Grand Cru";"Cabernet Franc, Merlot";"Bouteille";"";"";14;"";"";;16;20;;"";"33a54ac5-d974-4f96-b5f2-503ffe59f117";"18fe122f-4dc4-4d49-8c1a-d941e37d7b86";"7f2bab76-6ac8-4436-b0e7-9bc61cd04c9a";""
"Saint-Michel Grande Réserve Gaillac";2016;"Rouge";0;0;"Saint-Michel";"France";"Sud-Ouest";"Gaillac";"";"Bouteille";"";"";;"";"";;;;;"";"70f9c6b3";"fa7439bd";"59bcde79";""
"Sainte Victoire Henri Bonnaud";2024;"Rosé";0;0;"";"France";"Provence";"Côtes de Provence";"";"Bouteille";"";"";;"";"";;;9;;"";"827a1fde-d871-4cf0-a5e1-7e756a55c4f2";"";"cc393385-6a02-4f8e-acaa-46e9afd5bcfd";"015e58cd-f30a-45bd-a28e-3e3353020a9f"
"Sauvignon Blanc L'artisan";2021;"Blanc";0;0;"";"France";"Languedoc-Roussillon";"Pays d'Oc";"Sauvignon Blanc";"Bouteille";"";"";;"";"";;;6,6;;"";"06ea64e0-b850-4a59-965c-8206ec724418";"";"a525194c-a8c9-4706-9fd9-65baaabadf1c";"f29cdbc8-e1c6-4329-af4e-6bd6b161ca84"
"Savoie Abymes Vieilles Vignes";2024;"Blanc";0;0;"";"France";"Savoie";"Vin de Savoie";"";"Bouteille";"";"";;"";"";;;7;;"";"8684d52e-692e-4b0c-a86b-29c010d402ea";"";"683718f4-a82f-47c2-831b-aa67c271e0f2";"5ac1833d-9282-45b5-9922-4bec3a80ed4d"
"Secret de Berticot Sauvignon";2022;"Blanc";0;0;"Berticot";"France";"Sud-Ouest";"Côtes de Duras";"Sauvignon Blanc";"Bouteille";"";"";12;"";"";;10;4,67;;"";"c70160a3-6344-4b3f-8f57-55f32766a6a3";"89913ef5";"2891e7a6-bdf9-48e0-8250-d1a1d83cf264";""
"Signé Bourgogne Bourgogne Chardonnay";2024;"Blanc";1;1;"Signé Bourgogne ";"France";"Bourgogne";"Bourgogne";"Chardonnay";"Bouteille";"";"";12,5;"";"";;11;10;;"";"30c7dd61-7dac-4862-97fc-b712ca766065";"8d599f28-bf00-4d91-8160-6520c34e8738";"8cc0aef8-07e8-479e-8191-f5ca29e11e87";""
"Silex Saint Veran";;"Blanc";0;0;"";"France";"Provence";"";"";"";"";"";;"";"";;;;;"";"db22d3d9-fd40-4798-8056-3406c68d91bf";"";"9314db15-ee5f-4607-a037-361b753f922e";""
"Somló - Tornai Olaszrizling";2022;"Blanc";0;0;"";"Hongrie";"";"";"";"Bouteille";"";"";;"";"";;;8;;"";"39dd2300-c14b-48b5-b521-dcf4078b1c7d";"";"";""
"Sophie Schaal Alsace Pinot Gris";2024;"Blanc";0;0;"Schaal Alsace";"France";"Alsace";"Alsace";"Pinot Gris";"Bouteille";"";"";13;"";"";2025/2035;10;;;"";"2bb429a7-a545-4db9-9c2b-f1024ebf0284";"d4eeeed3-349c-4691-ba37-79eefb14397f";"90531665-0f08-4d80-8a83-26948e2c3ed5";""
"Soupçon de Fruit Rosé d'Anjou";2023;"Rosé";0;0;"Philippe de Charmille";"France";"Vallée de la Loire";"Rosé d'Anjou";"Cabernet Franc, Cabernet Sauvignon";"Bouteille";"";"";11;"";"";;10;5;64;"";"7e621970-a3ac-4998-99ae-24df9eb580be";"62e0820c-d2f8-48b1-b7c6-6fce9adb89e4";"bdf150af-ee4d-4105-aa39-d8426e87646c";""
"Stéphane Brocard - Closerie des Alisiers Bourgogne Pinot Noir";2017;"Rouge";0;0;"Stéphane Brocard - Closerie des Alisiers";"France";"Bourgogne";"Bourgogne";"";"Bouteille";"";"";;"";"";;;;;"";"d2b79fe6";"68e2c952";"dd2998b9";""
"Tavel Domaine Amido Les Baussieres";2022;"Rosé";0;0;"";"France";"Vallée du Rhône";"Tavel";"";"Bouteille";"";"";;"";"";;;;;"";"6717a954-a838-4027-9747-65b5caa5c847";"";"289ceb30-8a31-4bcc-9539-a241916658a5";""
"Tavel Terre Davau";2022;"Rosé";0;0;"";"France";"Vallée du Rhône";"Tavel";"";"Bouteille";"";"";;"";"";;;9;;"";"b33d99a6-74d9-4582-be84-532c229b74c5";"";"1da866d3-b9f9-446d-92e7-09227849c7bd";"dbce9614-626d-485a-ba8e-04952fefbc19"
"Teleki";;"Blanc";0;0;"";"";"";"";"";"Bouteille";"";"";;"";"";;;;;"";"3eab4a58-221a-4c24-bc0b-da9bba23248a";"";"";""
"Teleki - Villány Chardonnay Olaszrizling";2022;"Blanc";0;0;"";"Hongrie";"";"";"";"Bouteille";"";"";;"";"";;;8;;"";"e16dca75-13d3-4219-8830-9531b9f7f601";"";"";""
"Terrasses d'Autan Gaillac";2018;"Rouge";0;0;"Terrasses d'Autan";"France";"Sud-Ouest";"Gaillac";"";"Bouteille";"";"";;"";"";;;;;"Leclerc celine 6 juin 2020";"743277e4";"c8c32e4f";"d2a9e119";""
"Tupinier-Bautista Les Vieilles Vignes Mercurey";2015;"Rouge";0;0;"Tupinier-Bautista";"France";"Bourgogne";"Mercurey";"";"Bouteille";"";"";;"";"";;;24;;"";"e31b4f94";"9b6e5e09";"da686a3e";""
"Val De Loire Domaine De L'Abbaye";2020;"Rouge";0;0;"";"France";"Vallée de la Loire";"Val de Loire";"";"Bouteille";"";"";;"";"";;;;;"";"9b2d254c-31d7-4c59-90b9-bf136b6501d9";"";"494f1e04-abb2-4f0a-af65-d9445ced2246";"43dd8d7b-a93c-49bb-a8ac-4774d3d7dd32"
"Vezelay Terre D'argile";2019;"Blanc";0;0;"Woillez";"France";"Bourgogne";"Vézelay";"";"Bouteille";"";"";;"";"";;;14;;"";"853d59de-ae6b-4e54-a5ac-4dce7f987417";"434d881f-b125-47ed-b6aa-2d151fc14720";"2776c7a9-e47b-424b-bd08-2a1526fb5b8e";"b120ebdb-6858-41dd-a5cf-a6312e085f12"
"Vieux Carion  Merlot";;"Rosé";0;0;"";"France";"Languedoc-Roussillon";"Pays d'Oc";"Merlot";"Bouteille";"";"";;"";"";;;2,25;;"";"0d3ab29e-82c6-43f0-8a19-7ef0c6e4c715";"";"dc34ab55-9824-40bf-bbcc-82df45249d26";"32fda8e8-55bf-4457-8eb5-3e08f8b675c3"
"Villa des Anges Red Blend Réserve";2021;"Rouge";0;0;"Jeff Carrel";"France";"Vin de France";"";"60% Cabernet Sauvignon, 20% Merlot, 20% Syrah";"Bouteille";"";"";14;"";"";;16;8,36;;"";"93c9a791-226d-44bf-ae03-a8c9353d4c6c";"8a01ef58-3639-4eb1-98e7-0861fedc5b87";"bf3b1aa3-9f83-42dc-b186-72eb0713f5cc";""
"Vin Gris Dom Casa";;"Rosé";0;0;"";"France";"Corse";"Corse";"";"Bouteille";"";"";;"";"";;;;;"";"22741069-a672-4ed6-bf99-86b0b0c6bae2";"";"dfb2eeee-ec59-4983-ac63-dcf64d0548cb";""
"Viognier Le Temps Du Grapillage";2018;"Blanc";0;0;"";"France";"";"";"";"Bouteille";"";"";;"";"";;;;;"";"3d202cf6-434b-4a76-87a6-87e395d6fe88";"";"06c13cec-0067-4949-8537-9d025e2da2f6";""
"Viré-Clessé Gondard Perrin";2020;"Rouge";0;0;"Gondard Perrin";"France";"Bourgogne";"Viré-Clessé";"";"Bouteille";"";"";;"";"";;;16;;"";"19dd1957-561d-4221-bb24-989c37bfbdd6";"7b12dff1-4ce2-40f6-a705-99b7cbf53a5a";"5492e9b7-d413-4c7e-974e-9ff2c7d72207";"3948e275-cc30-4b43-ae85-62ae574ae0a9"
"Wolfberger Alsace Pinot Blanc";2022;"Blanc";0;0;"Wolfberger";"France";"Alsace";"Alsace";"Pinot Blanc";"Bouteille";"";"";13;"";"";;8;7;;"";"39d95566-3fd7-4cd3-9daa-758afde2df32";"1bd5768d";"ab738ccf-36a7-4a3c-94ac-1faae9c0ec4c";""
"Wolfberger Alsace Pinot Gris";2023;"Blanc";0;0;"Wolfberger";"France";"Alsace";"Alsace";"Pinot Gris";"Bouteille";"";"";13;"";"";;8;8;;"";"681630d6-539d-4454-8848-0c03a3e9dfa0";"1bd5768d";"ccaa81e8-a066-46db-af77-92fe8ddc0293";""
"Wolfberger Alsace Pinot Gris Vieilles Vignes";2022;"Blanc";0;0;"Wolfberger";"France";"Alsace";"Alsace";"Pinot Gris";"Bouteille";"";"";;"";"";;8;;;"";"884ff54a-c206-4e54-a53c-52c29d0a6408";"1bd5768d";"32d442e4-1037-4a61-a456-a979e087d85b";""
"Wolfberger Crémant d'Alsace Brut";;"Effervescent";0;0;"Wolfberger";"France";"Alsace";"Crémant d'Alsace";"";"Bouteille";"";"";;"";"";;7;7;;"";"2a1ef17c-9f01-4727-920a-6e400418a017";"1bd5768d";"ba4fa2cc-cbba-4643-905f-ac9b6ef0be87";"284e957e-d738-489b-acd5-737abc289946"
"Wolfberger Pinot Gris Alsace";2017;"Blanc";0;0;"Wolfberger";"France";"Alsace";"Alsace";"";"Bouteille";"";"";;"";"";;;;;"";"714cfdaf";"1bd5768d";"f7f1d59c";""
